pixel,intensity,reference_wavelength,reference_intensity,calibrated_wavelength,calibrated_intensity
0,0.06565656512975693,266.987682,0.0,266.987682,0.06565656512975693
1,0.06565464287996292,267.488727,0.0,267.488727,0.06565464287996292
2,0.06539075076580048,267.989773,0.0,267.989773,0.06539075076580048
3,0.0654757097363472,268.490818,0.0,268.490818,0.0654757097363472
4,0.06399928778409958,268.991864,0.0,268.991864,0.06399928778409958
5,0.0649225190281868,269.492909,0.0,269.492909,0.0649225190281868
6,0.06510601192712784,269.993955,0.0,269.993955,0.06510601192712784
7,0.06879943609237671,270.495,0.0,270.495,0.06879943609237671
8,0.06594051420688629,270.996045,0.0,270.996045,0.06594051420688629
9,0.0644850954413414,271.497091,0.0,271.497091,0.0644850954413414
10,0.06511635333299637,271.998136,0.0,271.998136,0.06511635333299637
11,0.06519287079572678,272.499182,0.0,272.499182,0.06519287079572678
12,0.06483662873506546,273.000227,0.0,273.000227,0.06483662873506546
13,0.066131591796875,273.501273,0.0,273.501273,0.066131591796875
14,0.0670270100235939,274.002318,0.0,274.002318,0.0670270100235939
15,0.06676709651947021,274.503364,0.0,274.503364,0.06676709651947021
16,0.06394392251968384,275.004409,0.0,275.004409,0.06394392251968384
17,0.06409826129674911,275.505455,0.0,275.505455,0.06409826129674911
18,0.06489516794681549,276.0065,0.0,276.0065,0.06489516794681549
19,0.06710867583751678,276.507545,0.0,276.507545,0.06710867583751678
20,0.0668230652809143,277.008591,0.0,277.008591,0.0668230652809143
21,0.06410779803991318,277.509636,0.0,277.509636,0.06410779803991318
22,0.0636121928691864,278.010682,0.0,278.010682,0.0636121928691864
23,0.0667155385017395,278.511727,0.0,278.511727,0.0667155385017395
24,0.06473828852176666,279.012773,0.0,279.012773,0.06473828852176666
25,0.06580561399459839,279.513818,0.0,279.513818,0.06580561399459839
26,0.06731835007667542,280.014864,0.0,280.014864,0.06731835007667542
27,0.06592809408903122,280.515909,0.0,280.515909,0.06592809408903122
28,0.06359218060970306,281.016955,0.0,281.016955,0.06359218060970306
29,0.06295675784349442,281.518,0.0,281.518,0.06295675784349442
30,0.0638028159737587,282.019045,0.0,282.019045,0.0638028159737587
31,0.06371406465768814,282.520091,0.0,282.520091,0.06371406465768814
32,0.06400293856859207,283.021136,0.0,283.021136,0.06400293856859207
33,0.06474170833826065,283.522182,0.0,283.522182,0.06474170833826065
34,0.06561583280563354,284.023227,0.0,284.023227,0.06561583280563354
35,0.06407857686281204,284.524273,0.0,284.524273,0.06407857686281204
36,0.06565657258033752,285.025318,0.0,285.025318,0.06565657258033752
37,0.06261392682790756,285.526364,0.0,285.526364,0.06261392682790756
38,0.06453587859869003,286.027409,0.0,286.027409,0.06453587859869003
39,0.06483238190412521,286.528455,0.0,286.528455,0.06483238190412521
40,0.0643857941031456,287.0295,0.0,287.0295,0.0643857941031456
41,0.06704837083816528,287.530545,0.0,287.530545,0.06704837083816528
42,0.06700027734041214,288.031591,0.0,288.031591,0.06700027734041214
43,0.0659160241484642,288.532636,0.0,288.532636,0.0659160241484642
44,0.06578690558671951,289.033682,0.0,289.033682,0.06578690558671951
45,0.06465578079223633,289.534727,0.0,289.534727,0.06465578079223633
46,0.06416067481040955,290.035773,0.0,290.035773,0.06416067481040955
47,0.06414685398340225,290.536818,0.0,290.536818,0.06414685398340225
48,0.06571393460035324,291.037864,0.0,291.037864,0.06571393460035324
49,0.06790650635957718,291.538909,0.0,291.538909,0.06790650635957718
50,0.06788421422243118,292.039955,0.0,292.039955,0.06788421422243118
51,0.06639597564935684,292.541,0.0,292.541,0.06639597564935684
52,0.06398165971040726,293.042045,0.0,293.042045,0.06398165971040726
53,0.06690383702516556,293.543091,0.0,293.543091,0.06690383702516556
54,0.06851029396057129,294.044136,0.0,294.044136,0.06851029396057129
55,0.06755643337965012,294.545182,0.0,294.545182,0.06755643337965012
56,0.06636950373649597,295.046227,0.0,295.046227,0.06636950373649597
57,0.06566122174263,295.547273,0.0,295.547273,0.06566122174263
58,0.06339455395936966,296.048318,0.0,296.048318,0.06339455395936966
59,0.06451612710952759,296.549364,0.0,296.549364,0.06451612710952759
60,0.06496157497167587,297.050409,0.0,297.050409,0.06496157497167587
61,0.06406960636377335,297.551455,0.0,297.551455,0.06406960636377335
62,0.06292355060577393,298.0525,0.0,298.0525,0.06292355060577393
63,0.06383483111858368,298.553545,0.0,298.553545,0.06383483111858368
64,0.06662967056035995,299.054591,0.0,299.054591,0.06662967056035995
65,0.06686441600322723,299.555636,0.0,299.555636,0.06686441600322723
66,0.0656859502196312,300.056682,0.0,300.056682,0.0656859502196312
67,0.06764779984951019,300.557727,0.0,300.557727,0.06764779984951019
68,0.06667111068964005,301.058773,0.0,301.058773,0.06667111068964005
69,0.06498481333255768,301.559818,0.0,301.559818,0.06498481333255768
70,0.06458667665719986,302.060864,0.0,302.060864,0.06458667665719986
71,0.06690936535596848,302.561909,0.0,302.561909,0.06690936535596848
72,0.06699924916028976,303.062955,0.0,303.062955,0.06699924916028976
73,0.06499886512756348,303.564,0.0,303.564,0.06499886512756348
74,0.0670839324593544,304.065045,0.0,304.065045,0.0670839324593544
75,0.06712283939123154,304.566091,0.0,304.566091,0.06712283939123154
76,0.06555253267288208,305.067136,0.0,305.067136,0.06555253267288208
77,0.06458944082260132,305.568182,0.0,305.568182,0.06458944082260132
78,0.06591053307056427,306.069227,0.0,306.069227,0.06591053307056427
79,0.06579061597585678,306.570273,0.0,306.570273,0.06579061597585678
80,0.06474171578884125,307.071318,0.0,307.071318,0.06474171578884125
81,0.06339131295681,307.572364,0.0,307.572364,0.06339131295681
82,0.06529814749956131,308.073409,0.0,308.073409,0.06529814749956131
83,0.06551359593868256,308.574455,0.0,308.574455,0.06551359593868256
84,0.06587926298379898,309.0755,0.0,309.0755,0.06587926298379898
85,0.06464942544698715,309.576545,0.0,309.576545,0.06464942544698715
86,0.0663054883480072,310.077591,0.0,310.077591,0.0663054883480072
87,0.06568082422018051,310.578636,0.0,310.578636,0.06568082422018051
88,0.06654098629951477,311.079682,0.0,311.079682,0.06654098629951477
89,0.06539828330278397,311.580727,0.0,311.580727,0.06539828330278397
90,0.06376238167285919,312.081773,0.0,312.081773,0.06376238167285919
91,0.06473150104284286,312.582818,0.0,312.582818,0.06473150104284286
92,0.06444093585014343,313.083864,0.0,313.083864,0.06444093585014343
93,0.06486524641513824,313.584909,0.0,313.584909,0.06486524641513824
94,0.06298419833183289,314.085955,0.0,314.085955,0.06298419833183289
95,0.06405995041131973,314.587,0.0,314.587,0.06405995041131973
96,0.06569880247116089,315.088045,0.0,315.088045,0.06569880247116089
97,0.06587659567594528,315.589091,0.0,315.589091,0.06587659567594528
98,0.0648277997970581,316.090136,0.0,316.090136,0.0648277997970581
99,0.06688079982995987,316.591182,0.0,316.591182,0.06688079982995987
100,0.066471166908741,317.092227,0.0,317.092227,0.066471166908741
101,0.06654494255781174,317.593273,0.0,317.593273,0.06654494255781174
102,0.06810916215181351,318.094318,0.0,318.094318,0.06810916215181351
103,0.06429056078195572,318.595364,0.0,318.595364,0.06429056078195572
104,0.06527193635702133,319.096409,0.0,319.096409,0.06527193635702133
105,0.0667448565363884,319.597455,0.0,319.597455,0.0667448565363884
106,0.06675045192241669,320.0985,0.0,320.0985,0.06675045192241669
107,0.06568915396928787,320.599545,0.0,320.599545,0.06568915396928787
108,0.06559477001428604,321.100591,0.0,321.100591,0.06559477001428604
109,0.06581612676382065,321.601636,0.0,321.601636,0.06581612676382065
110,0.06531444191932678,322.102682,0.0,322.102682,0.06531444191932678
111,0.06406496465206146,322.603727,0.0,322.603727,0.06406496465206146
112,0.06539590656757355,323.104773,0.0,323.104773,0.06539590656757355
113,0.06329423189163208,323.605818,0.0,323.605818,0.06329423189163208
114,0.06359846144914627,324.106864,0.0,324.106864,0.06359846144914627
115,0.06591028720140457,324.607909,0.0,324.607909,0.06591028720140457
116,0.06725317239761353,325.108955,0.0,325.108955,0.06725317239761353
117,0.06553689390420914,325.61,0.0,325.61,0.06553689390420914
118,0.06560106575489044,326.111045,0.0,326.111045,0.06560106575489044
119,0.06488541513681412,326.612091,0.0,326.612091,0.06488541513681412
120,0.06467904895544052,327.113136,0.0,327.113136,0.06467904895544052
121,0.0670279785990715,327.614182,0.0,327.614182,0.0670279785990715
122,0.06526363641023636,328.115227,0.0,328.115227,0.06526363641023636
123,0.06580003350973129,328.616273,0.0,328.616273,0.06580003350973129
124,0.06531725078821182,329.117318,0.0,329.117318,0.06531725078821182
125,0.06574764847755432,329.618364,0.0,329.618364,0.06574764847755432
126,0.06662633270025253,330.119409,0.0,330.119409,0.06662633270025253
127,0.06568053364753723,330.620455,0.0,330.620455,0.06568053364753723
128,0.06431033462285995,331.1215,0.0,331.1215,0.06431033462285995
129,0.06386445462703705,331.622545,0.0,331.622545,0.06386445462703705
130,0.06509768217802048,332.123591,0.0,332.123591,0.06509768217802048
131,0.06390518695116043,332.624636,0.0,332.624636,0.06390518695116043
132,0.06347119063138962,333.125682,0.0,333.125682,0.06347119063138962
133,0.06567138433456421,333.626727,0.0,333.626727,0.06567138433456421
134,0.06697224825620651,334.127773,0.0,334.127773,0.06697224825620651
135,0.06561001390218735,334.628818,0.0,334.628818,0.06561001390218735
136,0.06557991355657578,335.129864,0.0,335.129864,0.06557991355657578
137,0.06672202795743942,335.630909,0.0,335.630909,0.06672202795743942
138,0.06406878679990768,336.131955,0.0,336.131955,0.06406878679990768
139,0.06284039467573166,336.633,0.0,336.633,0.06284039467573166
140,0.06413773447275162,337.134045,0.0,337.134045,0.06413773447275162
141,0.06455863267183304,337.635091,0.0,337.635091,0.06455863267183304
142,0.06520400196313858,338.136136,0.0,338.136136,0.06520400196313858
143,0.06500488519668579,338.637182,0.0,338.637182,0.06500488519668579
144,0.06402736902236938,339.138227,0.0,339.138227,0.06402736902236938
145,0.0636725202202797,339.639273,0.0,339.639273,0.0636725202202797
146,0.06493230164051056,340.140318,0.0,340.140318,0.06493230164051056
147,0.06459663808345795,340.641364,0.0,340.641364,0.06459663808345795
148,0.06351476907730103,341.142409,0.0,341.142409,0.06351476907730103
149,0.06364721804857254,341.643455,0.0,341.643455,0.06364721804857254
150,0.06643962115049362,342.1445,0.0,342.1445,0.06643962115049362
151,0.06518495827913284,342.645545,0.0,342.645545,0.06518495827913284
152,0.06352763622999191,343.146591,0.0,343.146591,0.06352763622999191
153,0.06533634662628174,343.647636,0.0,343.647636,0.06533634662628174
154,0.06407424807548523,344.148682,0.0,344.148682,0.06407424807548523
155,0.06479541957378387,344.649727,0.0,344.649727,0.06479541957378387
156,0.06711159646511078,345.150773,0.0,345.150773,0.06711159646511078
157,0.06528417766094208,345.651818,0.0,345.651818,0.06528417766094208
158,0.06524631381034851,346.152864,0.0,346.152864,0.06524631381034851
159,0.06445863097906113,346.653909,0.0,346.653909,0.06445863097906113
160,0.06362748891115189,347.154955,0.0,347.154955,0.06362748891115189
161,0.06436339020729065,347.656,0.0,347.656,0.06436339020729065
162,0.06333866715431213,348.157045,0.0,348.157045,0.06333866715431213
163,0.06461387872695923,348.658091,0.0,348.658091,0.06461387872695923
164,0.06584636121988297,349.159136,0.0,349.159136,0.06584636121988297
165,0.06427835673093796,349.660182,0.0,349.660182,0.06427835673093796
166,0.06279384344816208,350.161227,0.0,350.161227,0.06279384344816208
167,0.06318562477827072,350.662273,0.0,350.662273,0.06318562477827072
168,0.06532420963048935,351.163318,0.0,351.163318,0.06532420963048935
169,0.06685762852430344,351.664364,0.0,351.664364,0.06685762852430344
170,0.0651259571313858,352.165409,0.0,352.165409,0.0651259571313858
171,0.06547503173351288,352.666455,0.0,352.666455,0.06547503173351288
172,0.06592459231615067,353.1675,0.0,353.1675,0.06592459231615067
173,0.06519812345504761,353.668545,0.0,353.668545,0.06519812345504761
174,0.06409002840518951,354.169591,0.0,354.169591,0.06409002840518951
175,0.06465189903974533,354.670636,0.0,354.670636,0.06465189903974533
176,0.06608385592699051,355.171682,0.0,355.171682,0.06608385592699051
177,0.06463512778282166,355.672727,0.0,355.672727,0.06463512778282166
178,0.06575431674718857,356.173773,0.0,356.173773,0.06575431674718857
179,0.06717346608638763,356.674818,0.0,356.674818,0.06717346608638763
180,0.06453834474086761,357.175864,0.0,357.175864,0.06453834474086761
181,0.06407180428504944,357.676909,0.0,357.676909,0.06407180428504944
182,0.0634850487112999,358.177955,0.0,358.177955,0.0634850487112999
183,0.06384583562612534,358.679,0.0,358.679,0.06384583562612534
184,0.06490714102983475,359.180045,0.0,359.180045,0.06490714102983475
185,0.06381318718194962,359.681091,0.0,359.681091,0.06381318718194962
186,0.06574247032403946,360.182136,0.0,360.182136,0.06574247032403946
187,0.0653000921010971,360.683182,0.0,360.683182,0.0653000921010971
188,0.06446120887994766,361.184227,0.0,361.184227,0.06446120887994766
189,0.06505633145570755,361.685273,0.0,361.685273,0.06505633145570755
190,0.06451612710952759,362.186318,0.0,362.186318,0.06451612710952759
191,0.06480363756418228,362.687364,0.0,362.687364,0.06480363756418228
192,0.0647398978471756,363.188409,0.0,363.188409,0.0647398978471756
193,0.0640016421675682,363.689455,0.0,363.689455,0.0640016421675682
194,0.06652866303920746,364.1905,0.0,364.1905,0.06652866303920746
195,0.0637623742222786,364.691545,0.0,364.691545,0.0637623742222786
196,0.06455301493406296,365.192591,0.0,365.192591,0.06455301493406296
197,0.06675495952367783,365.693636,0.0,365.693636,0.06675495952367783
198,0.06629865616559982,366.194682,0.0,366.194682,0.06629865616559982
199,0.0659824088215828,366.695727,0.0,366.695727,0.0659824088215828
200,0.06774488836526871,367.196773,0.0,367.196773,0.06774488836526871
201,0.07136724144220352,367.697818,0.0,367.697818,0.07136724144220352
202,0.0674486830830574,368.198864,0.0,368.198864,0.0674486830830574
203,0.06608424335718155,368.699909,0.0,368.699909,0.06608424335718155
204,0.06616946309804916,369.200955,0.0,369.200955,0.06616946309804916
205,0.06632304936647415,369.702,0.0,369.702,0.06632304936647415
206,0.06423003226518631,370.203045,0.0,370.203045,0.06423003226518631
207,0.06383515894412994,370.704091,0.0,370.704091,0.06383515894412994
208,0.06547693908214569,371.205136,0.0,371.205136,0.06547693908214569
209,0.06185958907008171,371.706182,0.0,371.706182,0.06185958907008171
210,0.06344768404960632,372.207227,0.0,372.207227,0.06344768404960632
211,0.0659227967262268,372.708273,0.0,372.708273,0.0659227967262268
212,0.06605222821235657,373.209318,0.0,373.209318,0.06605222821235657
213,0.06747546046972275,373.710364,0.0,373.710364,0.06747546046972275
214,0.06628622114658356,374.211409,0.0,374.211409,0.06628622114658356
215,0.06521549075841904,374.712455,0.0,374.712455,0.06521549075841904
216,0.06646064668893814,375.2135,0.0,375.2135,0.06646064668893814
217,0.06296171993017197,375.714545,0.0,375.714545,0.06296171993017197
218,0.06563329696655273,376.215591,0.0,376.215591,0.06563329696655273
219,0.06275183707475662,376.716636,0.0,376.716636,0.06275183707475662
220,0.06090087071061134,377.217682,0.0,377.217682,0.06090087071061134
221,0.06321276724338531,377.718727,0.0,377.718727,0.06321276724338531
222,0.06555172055959702,378.219773,0.0,378.219773,0.06555172055959702
223,0.06517539173364639,378.720818,0.0,378.720818,0.06517539173364639
224,0.06543779373168945,379.221864,0.0,379.221864,0.06543779373168945
225,0.06395754963159561,379.722909,0.0,379.722909,0.06395754963159561
226,0.06440751254558563,380.223955,1.662e-320,380.223955,0.06440751254558563
227,0.06276234984397888,380.725,1.5519855141298338e-307,380.725,0.06276234984397888
228,0.0633494034409523,381.226045,7.8067210647268465e-295,381.226045,0.0633494034409523
229,0.06500488519668579,381.727091,2.115301737016026e-282,381.727091,0.06500488519668579
230,0.06351146847009659,382.228136,3.08708812316755e-270,382.228136,0.06351146847009659
231,0.06544921547174454,382.729182,2.426874509502045e-258,382.729182,0.06544921547174454
232,0.06674324721097946,383.230227,1.027589653856609e-246,383.230227,0.06674324721097946
233,0.06374271214008331,383.731273,2.3437573423759142e-235,383.731273,0.06374271214008331
234,0.06506173312664032,384.232318,2.8792591155277475e-224,384.232318,0.06506173312664032
235,0.06415306031703949,384.733364,1.9053216506962326e-213,384.733364,0.06415306031703949
236,0.06659463793039322,385.234409,6.790974650577578e-203,385.234409,0.06659463793039322
237,0.06738509237766266,385.735455,1.3038099492777405e-192,385.735455,0.06738509237766266
238,0.0645725280046463,386.2365,1.3482604640719897e-182,386.2365,0.0645725280046463
239,0.06464646756649017,386.737545,7.509852852562788e-173,386.737545,0.06464646756649017
240,0.06615450978279114,387.238591,2.253231537725514e-163,387.238591,0.06615450978279114
241,0.0664575845003128,387.739636,3.641322554836167e-154,387.739636,0.0664575845003128
242,0.0649462342262268,388.240682,3.169773091764654e-145,388.240682,0.0649462342262268
243,0.06494113802909851,388.741727,1.4861998265229155e-136,388.741727,0.06494113802909851
244,0.06504090130329132,389.242773,3.753538362182245e-128,389.242773,0.06504090130329132
245,0.06392411142587662,389.743818,5.106056225427509e-120,389.743818,0.06392411142587662
246,0.0649452954530716,390.244864,3.7414838479815853e-112,390.244864,0.0649452954530716
247,0.06749945878982544,390.745909,1.4766729198750144e-104,390.745909,0.06749945878982544
248,0.06683320552110672,391.246955,3.139331819674883e-97,391.246955,0.06683320552110672
249,0.06899213045835495,391.748,3.5947886339156696e-90,391.748,0.06899213045835495
250,0.06525522470474243,392.249045,2.21721402398987e-83,392.249045,0.06525522470474243
251,0.06450533121824265,392.750091,7.366356627326453e-77,392.750091,0.06450533121824265
252,0.06742225587368011,393.251136,1.318204225720505e-70,393.251136,0.06742225587368011
253,0.06791887432336807,393.752182,1.2706397942977263e-64,393.752182,0.06791887432336807
254,0.06601215153932571,394.253227,6.59702475202223e-59,394.253227,0.06601215153932571
255,0.06694233417510986,394.754273,1.8449410585478968e-53,394.754273,0.06694233417510986
256,0.0691797062754631,395.255318,2.7790979828805354e-48,395.255318,0.0691797062754631
257,0.06737349182367325,395.756364,2.254928994441922e-43,395.756364,0.06737349182367325
258,0.06361787766218185,396.257409,9.854848129108642e-39,396.257409,0.06361787766218185
259,0.06798800081014633,396.758455,2.319923035300531e-34,396.758455,0.06798800081014633
260,0.06529814749956131,397.2595,2.9416184724175664e-30,397.2595,0.06529814749956131
261,0.06697738170623779,397.760545,2.0090799990517147e-26,397.760545,0.06697738170623779
262,0.06832116842269897,398.261591,7.391168168776843e-23,398.261591,0.06832116842269897
263,0.07122886925935745,398.762636,1.464602165018189e-19,398.762636,0.07122886925935745
264,0.06388653069734573,399.263682,1.56325618198304e-16,399.263682,0.06388653069734573
265,0.06638427078723907,399.764727,8.987366344238374e-14,399.764727,0.06638427078723907
266,0.07429130375385284,400.265773,2.7831560473272245e-11,400.265773,0.07429130375385284
267,0.07929526269435883,400.766818,4.6423250852257235e-09,400.766818,0.07929526269435883
268,0.07926207035779953,401.267864,4.170952952292125e-07,401.267864,0.07926207035779953
269,0.08277501165866852,401.768909,2.0185010752333517e-05,401.768909,0.08277501165866852
270,0.08774516731500626,402.269955,0.0005261666967630984,402.269955,0.08774516731500626
271,0.08722090721130371,402.771,0.007387759555859569,402.771,0.08722090721130371
272,0.08969052881002426,403.272045,0.055872778305298305,403.272045,0.08969052881002426
273,0.0925988107919693,403.773091,0.22760764798304606,403.773091,0.0925988107919693
274,0.0915297269821167,404.274136,0.49942475824172694,404.274136,0.0915297269821167
275,0.0879240557551384,404.775182,0.5902707745577154,404.775182,0.0879240557551384
276,0.08360028266906738,405.276227,0.3757770044536012,405.276227,0.08360028266906738
277,0.0787360742688179,405.777273,0.12885641442199425,405.777273,0.0787360742688179
278,0.07726789265871048,406.278318,0.023800203119339867,406.278318,0.07726789265871048
279,0.07464320957660675,406.779364,0.0023678333616567837,406.779364,0.07464320957660675
280,0.07385311275720596,407.280409,0.00012688826476496055,407.280409,0.07385311275720596
281,0.07241003215312958,407.781455,3.662575276928784e-06,407.781455,0.07241003215312958
282,0.0694347470998764,408.2825,5.694460496759445e-08,408.2825,0.0694347470998764
283,0.06722957640886307,408.783545,4.768883671319461e-10,408.783545,0.06722957640886307
284,0.0667271763086319,409.284591,2.1511665799339305e-12,409.284591,0.0667271763086319
285,0.06811422109603882,409.785636,5.226776000486152e-15,409.785636,0.06811422109603882
286,0.06693118065595627,410.286682,6.840468245633898e-18,410.286682,0.06693118065595627
287,0.06852646172046661,410.787727,4.822157369323354e-21,410.787727,0.06852646172046661
288,0.06683222204446793,411.288773,1.8309983443913483e-24,411.288773,0.06683222204446793
289,0.06589354574680328,411.789818,3.7448911743155626e-28,411.789818,0.06589354574680328
290,0.06820734590291977,412.290864,4.125536211369424e-32,412.290864,0.06820734590291977
291,0.0644708052277565,412.791909,2.448089862683518e-36,412.791909,0.0644708052277565
292,0.0669599249958992,413.292955,7.824618762065343e-41,413.292955,0.0669599249958992
293,0.06789737194776535,413.794,1.347118625276619e-45,413.794,0.06789737194776535
294,0.06468935310840607,414.295045,1.2492421064245778e-50,414.295045,0.06468935310840607
295,0.06682852655649185,414.796091,6.239857292535206e-56,414.796091,0.06682852655649185
296,0.06398773193359375,415.297136,1.678847052513337e-61,415.297136,0.06398773193359375
297,0.06466202437877655,415.798182,2.4329534822502013e-67,415.798182,0.06466202437877655
298,0.06905750930309296,416.299227,1.8991793632796076e-73,416.299227,0.06905750930309296
299,0.06663408875465393,416.800273,7.985153788560398e-80,416.800273,0.06663408875465393
300,0.06787063926458359,417.301318,1.808469396680224e-86,417.301318,0.06787063926458359
301,0.06637140363454819,417.802364,2.2060893374336445e-93,417.802364,0.06637140363454819
302,0.06605071574449539,418.303409,1.449594981233534e-100,418.303409,0.06605071574449539
303,0.0683571994304657,418.804455,5.1304237549631196e-108,418.804455,0.0683571994304657
304,0.06612496078014374,419.3055,9.780758166588294e-116,419.3055,0.06612496078014374
305,0.06497916579246521,419.806545,1.0043611913945278e-123,419.806545,0.06497916579246521
306,0.0681619942188263,420.307591,7.0179030690234956e-130,420.307591,0.0681619942188263
307,0.069117970764637,420.808636,1.0918698666118784e-121,420.808636,0.069117970764637
308,0.06732253730297089,421.309682,9.223578031711144e-114,421.309682,0.06732253730297089
309,0.06575783342123032,421.810727,4.1967200778063693e-106,421.810727,0.06575783342123032
310,0.06628496944904327,422.311773,1.0285684003327747e-98,422.311773,0.06628496944904327
311,0.06960950791835785,422.812818,1.3578114172880336e-91,422.812818,0.06960950791835785
312,0.06736584007740021,423.313864,9.655110771680866e-85,423.313864,0.06736584007740021
313,0.06835924834012985,423.814909,3.6979347271351148e-78,423.814909,0.06835924834012985
314,0.06607013195753098,424.315955,7.629071323301512e-72,424.315955,0.06607013195753098
315,0.0651974305510521,424.817,8.477530431254007e-66,424.817,0.0651974305510521
316,0.06570848822593689,425.318045,5.074171700794951e-60,425.318045,0.06570848822593689
317,0.0648561343550682,425.819091,1.6359491677581412e-54,425.819091,0.0648561343550682
318,0.06618128716945648,426.320136,2.8409350740191163e-49,426.320136,0.06618128716945648
319,0.0681254118680954,426.821182,2.6574223560564334e-44,426.821182,0.0681254118680954
320,0.06642866134643555,427.322227,1.3388989152270228e-39,427.322227,0.06642866134643555
321,0.06599326431751251,427.823273,3.633638302146295e-35,427.823273,0.06599326431751251
322,0.06747343391180038,428.324318,5.311590704610811e-31,428.324318,0.06747343391180038
323,0.06715688109397888,428.825364,4.182280304601935e-27,428.825364,0.06715688109397888
324,0.06785787642002106,429.326409,1.7737472948430636e-23,429.326409,0.06785787642002106
325,0.07041177898645401,429.827455,4.052051067209727e-20,429.827455,0.07041177898645401
326,0.06641685217618942,430.3285,4.985964952621063e-17,430.3285,0.06641685217618942
327,0.07011125236749649,430.829545,3.3046209511940577e-14,430.829545,0.07011125236749649
328,0.07158558070659637,431.330591,1.1797691299268518e-11,431.330591,0.07158558070659637
329,0.06878545135259628,431.831636,2.2686377824035517e-09,431.831636,0.06878545135259628
330,0.07644183933734894,432.332682,2.349823086089273e-07,432.332682,0.07644183933734894
331,0.10261731594800949,432.833727,1.3109888582233086e-05,432.833727,0.10261731594800949
332,0.1347154974937439,433.334773,0.00039397043844006263,433.334773,0.1347154974937439
333,0.15916164219379425,433.835818,0.006377099192109589,433.835818,0.15916164219379425
334,0.20491695404052734,434.336864,0.0556009787638719,434.336864,0.20491695404052734
335,0.23084411025047302,434.837909,0.2611185197638177,434.837909,0.23084411025047302
336,0.24637030065059662,435.338955,0.6605285122144303,435.338955,0.24637030065059662
337,0.2505576014518738,435.84,0.9,435.84,0.2505576014518738
338,0.22825145721435547,436.349339,0.6537426575826705,436.349339,0.22825145721435547
339,0.19794060289859772,436.858584,0.25061222588189974,436.858584,0.19794060289859772
340,0.1641673445701599,437.367737,0.05071999882408439,437.367737,0.1641673445701599
341,0.12547506392002106,437.876797,0.005421136672738206,437.876797,0.12547506392002106
342,0.08974713832139969,438.385764,0.0003061171315584001,438.385764,0.08974713832139969
343,0.07613267004489899,438.89464,9.135167620732713e-06,438.89464,0.07613267004489899
344,0.06883349269628525,439.403423,1.4412301350698783e-07,439.403423,0.06883349269628525
345,0.06843960285186768,439.912115,1.2024895003558931e-09,439.912115,0.06843960285186768
346,0.0704883560538292,440.420716,5.307732612072256e-12,440.420716,0.0704883560538292
347,0.0712163895368576,440.929225,1.2398542196877608e-14,440.929225,0.0712163895368576
348,0.06905049830675125,441.437643,1.5332405096026623e-17,441.437643,0.06905049830675125
349,0.06789984554052353,441.945971,1.0040839909509474e-20,441.945971,0.06789984554052353
350,0.06874388456344604,442.454208,3.4834042522393845e-24,442.454208,0.06874388456344604
351,0.06780752539634705,442.962355,6.404019907830797e-28,442.962355,0.06780752539634705
352,0.0673704743385315,443.470412,6.241130714395992e-32,443.470412,0.0673704743385315
353,0.06698936223983765,443.978379,3.2253920869545066e-36,443.978379,0.06698936223983765
354,0.06645700335502625,444.486257,8.841947430655748e-41,444.486257,0.06645700335502625
355,0.06465064734220505,444.994045,1.2862176171337964e-45,444.994045,0.06465064734220505
356,0.06628929823637009,445.501744,9.931583440580637e-51,445.501744,0.06628929823637009
357,0.06602203100919724,446.009355,4.0718733262120027e-56,446.009355,0.06602203100919724
358,0.06420563161373138,446.516877,8.867406239057507e-62,446.516877,0.06420563161373138
359,0.0649743378162384,447.02431,1.0260548389139233e-67,447.02431,0.0649743378162384
360,0.068125419318676,447.531656,6.310098628895182e-74,447.531656,0.068125419318676
361,0.06597715616226196,448.038914,2.063232241630735e-80,448.038914,0.06597715616226196
362,0.06679700314998627,448.546084,3.5879783361385685e-87,448.546084,0.06679700314998627
363,0.06716311722993851,449.053166,3.319590751391434e-94,449.053166,0.06716311722993851
364,0.065808966755867,449.560162,1.6344296476113888e-101,449.560162,0.065808966755867
365,0.06555550545454025,450.067071,4.284006301173784e-109,450.067071,0.06555550545454025
366,0.06568915396928787,450.573893,5.979677502356186e-117,450.573893,0.06568915396928787
367,0.06808075308799744,451.080628,4.4462184734298244e-125,451.080628,0.06808075308799744
368,0.0674486830830574,451.587278,1.7615584610398775e-133,451.587278,0.0674486830830574
369,0.06888237595558167,452.093841,3.720228571811371e-142,452.093841,0.06888237595558167
370,0.06676626950502396,452.600319,4.189036277294648e-151,452.600319,0.06676626950502396
371,0.0656384602189064,453.106712,2.5157575708044044e-160,453.106712,0.0656384602189064
372,0.0674133449792862,453.613019,8.061035976002049e-170,453.613019,0.0674133449792862
373,0.06633567065000534,454.119241,1.378480363387894e-179,454.119241,0.06633567065000534
374,0.06584092229604721,454.625378,1.2584504691318163e-189,454.625378,0.06584092229604721
375,0.07019542157649994,455.131431,6.135005867000641e-200,455.131431,0.07019542157649994
376,0.06479369848966599,455.6374,1.597620572031182e-210,455.6374,0.06479369848966599
377,0.06772797554731369,456.143285,2.223046687890422e-221,456.143285,0.06772797554731369
378,0.06640809029340744,456.649086,1.6533935910868025e-232,456.649086,0.06640809029340744
379,0.0645943433046341,457.154803,6.574959297618652e-244,457.154803,0.0645943433046341
380,0.06526363641023636,457.660437,1.3983377704061178e-255,457.660437,0.06526363641023636
381,0.06294512003660202,458.165988,1.5909922600938416e-267,458.165988,0.06294512003660202
382,0.066769078373909,458.671456,9.687143632868454e-280,458.671456,0.066769078373909
383,0.06846331804990768,459.176842,3.1572199647500986e-292,459.176842,0.06846331804990768
384,0.06633935868740082,459.682145,5.510029934114173e-305,459.682145,0.06633935868740082
385,0.06547635048627853,460.187366,5.150526e-318,460.187366,0.06547635048627853
386,0.0676674172282219,460.692505,0.0,460.692505,0.0676674172282219
387,0.06651276350021362,461.197563,0.0,461.197563,0.06651276350021362
388,0.0658818855881691,461.702539,0.0,461.702539,0.0658818855881691
389,0.06746207177639008,462.207434,0.0,462.207434,0.06746207177639008
390,0.06696821004152298,462.712248,0.0,462.712248,0.06696821004152298
391,0.06502676755189896,463.216982,0.0,463.216982,0.06502676755189896
392,0.06558459252119064,463.721635,0.0,463.721635,0.06558459252119064
393,0.0660674124956131,464.226207,0.0,464.226207,0.0660674124956131
394,0.06519108265638351,464.7307,0.0,464.7307,0.06519108265638351
395,0.06660247594118118,465.235113,0.0,465.235113,0.06660247594118118
396,0.06708535552024841,465.739447,0.0,465.739447,0.06708535552024841
397,0.06511767953634262,466.243701,0.0,466.243701,0.06511767953634262
398,0.0652913972735405,466.747877,0.0,466.747877,0.0652913972735405
399,0.06627566367387772,467.251973,0.0,467.251973,0.06627566367387772
400,0.06714168936014175,467.755992,0.0,467.755992,0.06714168936014175
401,0.06564916670322418,468.259931,0.0,468.259931,0.06564916670322418
402,0.06503204256296158,468.763793,0.0,468.763793,0.06503204256296158
403,0.06524137407541275,469.267577,0.0,469.267577,0.06524137407541275
404,0.06551339477300644,469.771284,0.0,469.771284,0.06551339477300644
405,0.06669535487890244,470.274913,0.0,470.274913,0.06669535487890244
406,0.06500488519668579,470.778465,0.0,470.778465,0.06500488519668579
407,0.06805732846260071,471.28194,0.0,471.28194,0.06805732846260071
408,0.06740707904100418,471.785338,0.0,471.785338,0.06740707904100418
409,0.06557264178991318,472.288661,0.0,472.288661,0.06557264178991318
410,0.06630824506282806,472.791907,0.0,472.791907,0.06630824506282806
411,0.06685519218444824,473.295077,0.0,473.295077,0.06685519218444824
412,0.06953296065330505,473.798171,0.0,473.798171,0.06953296065330505
413,0.06635385751724243,474.30119,0.0,474.30119,0.06635385751724243
414,0.06326791644096375,474.804134,0.0,474.804134,0.06326791644096375
415,0.06831994652748108,475.307003,0.0,475.307003,0.06831994652748108
416,0.06682438403367996,475.809797,0.0,475.809797,0.06682438403367996
417,0.06686828285455704,476.312517,0.0,476.312517,0.06686828285455704
418,0.06550915539264679,476.815163,0.0,476.815163,0.06550915539264679
419,0.06278157979249954,477.317734,0.0,477.317734,0.06278157979249954
420,0.06477178633213043,477.820232,0.0,477.820232,0.06477178633213043
421,0.06469385325908661,478.322656,0.0,478.322656,0.06469385325908661
422,0.0658268854022026,478.825007,0.0,478.825007,0.0658268854022026
423,0.06630197167396545,479.327285,0.0,479.327285,0.06630197167396545
424,0.06475650519132614,479.82949,0.0,479.82949,0.06475650519132614
425,0.06584050506353378,480.331623,0.0,480.331623,0.06584050506353378
426,0.06508633494377136,480.833684,0.0,480.833684,0.06508633494377136
427,0.06544709205627441,481.335672,0.0,481.335672,0.06544709205627441
428,0.06487478315830231,481.837588,0.0,481.837588,0.06487478315830231
429,0.06574475765228271,482.339433,0.0,482.339433,0.06574475765228271
430,0.06585174798965454,482.841207,0.0,482.841207,0.06585174798965454
431,0.06479543447494507,483.342909,0.0,483.342909,0.06479543447494507
432,0.0637936219573021,483.844541,0.0,483.844541,0.0637936219573021
433,0.06477874517440796,484.346101,0.0,484.346101,0.06477874517440796
434,0.0642368420958519,484.847592,0.0,484.847592,0.0642368420958519
435,0.06472961604595184,485.349012,0.0,485.349012,0.06472961604595184
436,0.06717297434806824,485.850363,0.0,485.850363,0.06717297434806824
437,0.06397850066423416,486.351643,0.0,486.351643,0.06397850066423416
438,0.06577975302934647,486.852855,0.0,486.852855,0.06577975302934647
439,0.06633476912975311,487.353997,0.0,487.353997,0.06633476912975311
440,0.06857042759656906,487.85507,0.0,487.85507,0.06857042759656906
441,0.06622143089771271,488.356074,0.0,488.356074,0.06622143089771271
442,0.0669599175453186,488.85701,0.0,488.85701,0.0669599175453186
443,0.06553740799427032,489.357878,0.0,489.357878,0.06553740799427032
444,0.06557052582502365,489.858677,0.0,489.858677,0.06557052582502365
445,0.06291656196117401,490.359409,0.0,490.359409,0.06291656196117401
446,0.06479105353355408,490.860074,0.0,490.860074,0.06479105353355408
447,0.06724352389574051,491.360671,0.0,491.360671,0.06724352389574051
448,0.06648892909288406,491.861201,0.0,491.861201,0.06648892909288406
449,0.06541845947504044,492.361664,0.0,492.361664,0.06541845947504044
450,0.0669180229306221,492.86206,0.0,492.86206,0.0669180229306221
451,0.06790485233068466,493.362391,0.0,493.362391,0.06790485233068466
452,0.06558457016944885,493.862655,0.0,493.862655,0.06558457016944885
453,0.06822796911001205,494.362853,0.0,494.362853,0.06822796911001205
454,0.06634502857923508,494.862986,0.0,494.862986,0.06634502857923508
455,0.06752556562423706,495.363053,0.0,495.363053,0.06752556562423706
456,0.06552855670452118,495.863055,0.0,495.863055,0.06552855670452118
457,0.0651121735572815,496.362993,0.0,496.362993,0.0651121735572815
458,0.06812869012355804,496.862865,0.0,496.862865,0.06812869012355804
459,0.0670696496963501,497.362673,0.0,497.362673,0.0670696496963501
460,0.06536233425140381,497.862417,0.0,497.862417,0.06536233425140381
461,0.06781630218029022,498.362097,0.0,498.362097,0.06781630218029022
462,0.06543856859207153,498.861714,0.0,498.861714,0.06543856859207153
463,0.06576966494321823,499.361267,0.0,499.361267,0.06576966494321823
464,0.06770310550928116,499.860756,0.0,499.860756,0.06770310550928116
465,0.06583365797996521,500.360183,0.0,500.360183,0.06583365797996521
466,0.06480363756418228,500.859547,0.0,500.859547,0.06480363756418228
467,0.06607352197170258,501.358848,0.0,501.358848,0.06607352197170258
468,0.06420257687568665,501.858087,0.0,501.858087,0.06420257687568665
469,0.06382612138986588,502.357264,0.0,502.357264,0.06382612138986588
470,0.06466858834028244,502.85638,0.0,502.85638,0.06466858834028244
471,0.0638970360159874,503.355433,0.0,503.355433,0.0638970360159874
472,0.06504494696855545,503.854426,0.0,503.854426,0.06504494696855545
473,0.06519149988889694,504.353357,0.0,504.353357,0.06519149988889694
474,0.065493643283844,504.852228,0.0,504.852228,0.065493643283844
475,0.06650925427675247,505.351038,0.0,505.351038,0.06650925427675247
476,0.06672531366348267,505.849787,0.0,505.849787,0.06672531366348267
477,0.0652981549501419,506.348477,0.0,506.348477,0.0652981549501419
478,0.0652143582701683,506.847106,0.0,506.847106,0.0652143582701683
479,0.06533073633909225,507.345676,0.0,507.345676,0.06533073633909225
480,0.0621984638273716,507.844186,0.0,507.844186,0.0621984638273716
481,0.06250826269388199,508.342638,0.0,508.342638,0.06250826269388199
482,0.06383784860372543,508.84103,0.0,508.84103,0.06383784860372543
483,0.06492915004491806,509.339364,0.0,509.339364,0.06492915004491806
484,0.06606585532426834,509.837639,0.0,509.837639,0.06606585532426834
485,0.06771956384181976,510.335856,0.0,510.335856,0.06771956384181976
486,0.06645037233829498,510.834015,0.0,510.834015,0.06645037233829498
487,0.06425973027944565,511.332117,0.0,511.332117,0.06425973027944565
488,0.06639548391103745,511.83016,0.0,511.83016,0.06639548391103745
489,0.06789068877696991,512.328147,0.0,512.328147,0.06789068877696991
490,0.06613966077566147,512.826077,0.0,512.826077,0.06613966077566147
491,0.0664711743593216,513.323949,0.0,513.323949,0.0664711743593216
492,0.0657203197479248,513.821766,0.0,513.821766,0.0657203197479248
493,0.06762874126434326,514.319526,0.0,514.319526,0.06762874126434326
494,0.06500488519668579,514.81723,0.0,514.81723,0.06500488519668579
495,0.06541845947504044,515.314878,0.0,515.314878,0.06541845947504044
496,0.0642116591334343,515.81247,0.0,515.81247,0.0642116591334343
497,0.06520754098892212,516.310007,0.0,516.310007,0.06520754098892212
498,0.06473220884799957,516.807489,0.0,516.807489,0.06473220884799957
499,0.0637480765581131,517.304917,0.0,517.304917,0.0637480765581131
500,0.06394484639167786,517.802289,0.0,517.802289,0.06394484639167786
501,0.06463971734046936,518.299607,0.0,518.299607,0.06463971734046936
502,0.06523139029741287,518.796871,0.0,518.796871,0.06523139029741287
503,0.06608470529317856,519.294082,0.0,519.294082,0.06608470529317856
504,0.06504185497760773,519.791238,0.0,519.791238,0.06504185497760773
505,0.06459758430719376,520.288341,0.0,520.288341,0.06459758430719376
506,0.0657380223274231,520.785391,0.0,520.785391,0.0657380223274231
507,0.0638074278831482,521.282388,0.0,521.282388,0.0638074278831482
508,0.06638454645872116,521.779332,1.71167403e-316,521.779332,0.06638454645872116
509,0.06566742062568665,522.276224,1.0470919587728505e-303,522.276224,0.06566742062568665
510,0.06384730339050293,522.773063,3.475049886374e-291,522.773063,0.06384730339050293
511,0.06492915004491806,523.269851,6.258684711903572e-279,523.269851,0.06492915004491806
512,0.06583202630281448,523.766586,6.117648583453872e-267,523.766586,0.06583202630281448
513,0.06444871425628662,524.26327,3.2463595331171554e-255,524.26327,0.06444871425628662
514,0.06294512003660202,524.759903,9.354071409759052e-244,524.759903,0.06294512003660202
515,0.0633026584982872,525.256485,1.4637875522629208e-232,525.256485,0.0633026584982872
516,0.06464944034814835,525.753016,1.2442568562633895e-221,525.753016,0.06464944034814835
517,0.06443164497613907,526.249497,5.74644409629628e-211,526.249497,0.06443164497613907
518,0.06747996807098389,526.745927,1.4421303171651534e-200,526.745927,0.06747996807098389
519,0.06490714102983475,527.242307,1.967104592709236e-190,527.242307,0.06490714102983475
520,0.06489831209182739,527.738637,1.458638646407295e-180,527.738637,0.06489831209182739
521,0.06712731719017029,528.234918,5.881174594532095e-171,528.234918,0.06712731719017029
522,0.06746327131986618,528.731149,1.2895436516380203e-161,528.731149,0.06746327131986618
523,0.06662846356630325,529.227332,1.5380815610666248e-152,529.227332,0.06662846356630325
524,0.06576856970787048,529.723465,9.98011416760145e-144,529.723465,0.06576856970787048
525,0.06545454263687134,530.219549,3.5237176179350817e-135,530.219549,0.06545454263687134
526,0.0677926242351532,530.715586,6.7715338310164406e-127,530.715586,0.0677926242351532
527,0.06764069199562073,531.211574,7.0833129009863e-119,531.211574,0.06764069199562073
528,0.06732898950576782,531.707514,4.0340625827173925e-111,531.707514,0.06732898950576782
529,0.06565839052200317,532.203406,1.251071422640621e-103,532.203406,0.06565839052200317
530,0.06686218082904816,532.699251,2.1132242519229434e-96,532.699251,0.06686218082904816
531,0.06644919514656067,533.195049,1.9444998282883175e-89,533.195049,0.06644919514656067
532,0.06484991312026978,533.6908,9.74863694764346e-83,533.6908,0.06484991312026978
533,0.06753247231245041,534.186504,2.663350762208843e-76,534.186504,0.06753247231245041
534,0.06441500782966614,534.682161,3.965848575218074e-70,534.682161,0.06441500782966614
535,0.0636415109038353,535.177772,3.2192421235261205e-64,535.177772,0.0636415109038353
536,0.06469638645648956,535.673338,1.4248371847178437e-58,535.673338,0.06469638645648956
537,0.06608015298843384,536.168857,3.4389141642416407e-53,536.168857,0.06608015298843384
538,0.06807982921600342,536.664331,4.5270661856591024e-48,536.664331,0.06807982921600342
539,0.06706684082746506,537.15976,3.2510478218470407e-43,537.15976,0.06706684082746506
540,0.06823284178972244,537.655143,1.2738064915768754e-38,537.655143,0.06823284178972244
541,0.06690308451652527,538.150482,2.723624721292589e-34,538.150482,0.06690308451652527
542,0.06555604934692383,538.645776,3.178460536327504e-30,538.645776,0.06555604934692383
543,0.06634725630283356,539.141026,2.0248418566678208e-26,539.141026,0.06634725630283356
544,0.0667155385017395,539.636231,7.042603048165969e-23,539.636231,0.0667155385017395
545,0.0678810402750969,540.131393,1.3376034866960423e-19,540.131393,0.0678810402750969
546,0.06737276166677475,540.626511,1.3875102405224454e-16,540.626511,0.06737276166677475
547,0.0680466890335083,541.121586,7.862033203168332e-14,541.121586,0.0680466890335083
548,0.0715351402759552,541.616618,2.4338386181643927e-11,541.616618,0.0715351402759552
549,0.06993690878152847,542.111607,4.116946848445124e-09,542.111607,0.06993690878152847
550,0.06861238926649094,542.606553,3.8058675026579556e-07,542.606553,0.06861238926649094
551,0.08522891998291016,543.101456,1.9230710500330073e-05,543.101456,0.08522891998291016
552,0.144083634018898,543.596318,0.0005312193472786944,543.596318,0.144083634018898
553,0.28650563955307007,544.091137,0.0080232484143303,544.091137,0.28650563955307007
554,0.4180377125740051,544.585915,0.06626678380893054,544.585915,0.4180377125740051
555,0.495426207780838,545.080651,0.29934701028567823,545.080651,0.495426207780838
556,0.5440892577171326,545.575346,0.7396982394583542,545.575346,0.5440892577171326
557,0.5588197112083435,546.07,1.0,546.07,0.5588197112083435
558,0.47124290466308594,546.564535,0.7398055432968573,546.564535,0.47124290466308594
559,0.327308714389801,547.058875,0.2996930951431881,547.058875,0.327308714389801
560,0.21628820896148682,547.553022,0.06652483718008664,547.553022,0.21628820896148682
561,0.15192407369613647,548.04698,0.008097232318450769,548.04698,0.15192407369613647
562,0.10649923980236053,548.540751,0.0005407911280014302,548.540751,0.10649923980236053
563,0.07895009219646454,549.034338,1.9831230561278366e-05,549.034338,0.07895009219646454
564,0.07252166420221329,549.527745,3.995523918308392e-07,549.527745,0.07252166420221329
565,0.06902357190847397,550.020974,4.425664540105937e-09,550.020974,0.06902357190847397
566,0.06883151084184647,550.514028,2.696693404458074e-11,550.514028,0.06883151084184647
567,0.06476464867591858,551.00691,9.044700364304826e-14,551.00691,0.06476464867591858
568,0.06663407385349274,551.499623,1.6707870642406855e-16,551.499623,0.06663407385349274
569,0.07083120197057724,551.99217,1.7008291539763547e-19,551.99217,0.07083120197057724
570,0.06717659533023834,552.484554,9.546735455472826e-23,552.484554,0.06717659533023834
571,0.06930596381425858,552.976777,2.956287169821874e-26,552.976777,0.06930596381425858
572,0.06466274708509445,553.468843,5.053109037671733e-30,553.468843,0.06466274708509445
573,0.06523692607879639,553.960754,4.7700421090913225e-34,553.960754,0.06523692607879639
574,0.06798918545246124,554.452514,2.4879759942147494e-38,554.452514,0.06798918545246124
575,0.06565885990858078,554.944125,7.173812569233755e-43,554.944125,0.06565885990858078
576,0.06722524762153625,555.43559,1.1440338245515404e-47,555.43559,0.06722524762153625
577,0.06658714264631271,555.926913,1.0094874032038422e-52,555.926913,0.06658714264631271
578,0.06656891107559204,556.418095,4.931159957408548e-58,556.418095,0.06656891107559204
579,0.06434758752584457,556.909141,1.3339753340793206e-63,556.909141,0.06434758752584457
580,0.0661836564540863,557.400052,1.9993984020580846e-69,557.400052,0.0661836564540863
581,0.06641192734241486,557.890833,1.6609373652950934e-75,557.890833,0.06641192734241486
582,0.06772439181804657,558.381484,7.650933180981174e-82,558.381484,0.06772439181804657
583,0.06706222146749496,558.872011,1.9548138142967774e-88,558.872011,0.06706222146749496
584,0.06689927726984024,559.362415,2.77145166330189e-95,559.362415,0.06689927726984024
585,0.06648214161396027,559.8527,2.1809957228827087e-102,559.8527,0.06648214161396027
586,0.06590765714645386,560.342868,9.530259008714472e-110,560.342868,0.06590765714645386
587,0.06496044993400574,560.832922,2.313096352537687e-117,560.832922,0.06496044993400574
588,0.0652221217751503,561.322865,3.119265766295255e-125,561.322865,0.0652221217751503
589,0.0665363296866417,561.812701,8.137381692976485e-124,561.812701,0.0665363296866417
590,0.06407936662435532,562.302432,5.271587057162179e-116,562.302432,0.06407936662435532
591,0.06362748891115189,562.79206,1.8842228919698033e-108,562.79206,0.06362748891115189
592,0.06455771625041962,563.28159,3.717855475188843e-101,563.28159,0.06455771625041962
593,0.06617790460586548,563.771023,4.0512610235249993e-94,563.771023,0.06617790460586548
594,0.06597351282835007,564.260363,2.439114880891183e-87,564.260363,0.06597351282835007
595,0.06686217337846756,564.749613,8.117156671364957e-81,564.749613,0.06686217337846756
596,0.06471560895442963,565.238775,1.4937286903752729e-74,565.238775,0.06471560895442963
597,0.06547116488218307,565.727852,1.5205822815409007e-68,565.727852,0.06547116488218307
598,0.06730902940034866,566.216848,8.56639345699902e-63,566.216848,0.06730902940034866
599,0.06923867762088776,566.705765,2.6716842669272375e-57,566.705765,0.06923867762088776
600,0.0653480589389801,567.194607,4.614632309477275e-52,567.194607,0.0653480589389801
601,0.06433387845754623,567.683375,4.415517193459623e-47,567.683375,0.06433387845754623
602,0.06657193601131439,568.172073,2.341382282467334e-42,568.172073,0.06657193601131439
603,0.06804851442575455,568.660705,6.882634720363723e-38,568.660705,0.06804851442575455
604,0.06655178219079971,569.149272,1.1218651925884391e-33,569.149272,0.06655178219079971
605,0.06698564440011978,569.637778,1.0142931796043191e-29,569.637778,0.06698564440011978
606,0.0648694559931755,570.126226,5.0879266596943525e-26,570.126226,0.0648694559931755
607,0.06752245873212814,570.614618,1.4163716852021224e-22,570.614618,0.06752245873212814
608,0.0670841783285141,571.102958,2.1886966958523964e-19,571.102958,0.0670841783285141
609,0.06694307178258896,571.591248,1.877841412075737e-16,571.591248,0.06694307178258896
610,0.06494379043579102,572.079491,8.947285431302925e-14,572.079491,0.06494379043579102
611,0.06669188290834427,572.567691,2.3679646271266403e-11,572.567691,0.06669188290834427
612,0.0672786757349968,573.05585,3.4816605923257338e-09,573.05585,0.0672786757349968
613,0.07001572847366333,573.543971,2.8444623609182064e-07,573.543971,0.07001572847366333
614,0.08538272976875305,574.032057,1.2914733543583266e-05,574.032057,0.08538272976875305
615,0.1086617112159729,574.52011,0.0003259134541770699,574.52011,0.1086617112159729
616,0.12391381710767746,575.008135,0.004572070558407693,575.008135,0.12391381710767746
617,0.13210920989513397,575.496133,0.035658534765433104,575.496133,0.13210920989513397
618,0.14626149833202362,575.984108,0.1546355248397252,575.984108,0.14626149833202362
619,0.1651715189218521,576.472063,0.3729915490192333,576.472063,0.1651715189218521
620,0.16823183000087738,576.96,0.5020718791288218,576.96,0.16823183000087738
621,0.15915925800800323,577.450317,0.39152691263169037,577.450317,0.15915925800800323
622,0.14668865501880646,577.940635,0.256718533041153,577.940635,0.14668865501880646
623,0.1418866366147995,578.430952,0.33704258569675194,578.430952,0.1418866366147995
624,0.12880189716815948,578.92127,0.49092424044368127,578.92127,0.12880189716815948
625,0.1067887619137764,579.411587,0.43334183732905457,579.411587,0.1067887619137764
626,0.09052018076181412,579.901905,0.21312025219927944,579.901905,0.09052018076181412
627,0.07694737613201141,580.392222,0.05799083848917299,580.392222,0.07694737613201141
628,0.07278171926736832,580.88254,0.00872556896914546,580.88254,0.07278171926736832
629,0.06900546699762344,581.372857,0.0007259597443392045,581.372857,0.06900546699762344
630,0.06621049344539642,581.863175,3.339718618301186e-05,581.863175,0.06621049344539642
631,0.06719733029603958,582.353492,8.495542412313862e-07,582.353492,0.06719733029603958
632,0.06492343544960022,582.84381,1.1949499904524627e-08,582.84381,0.06492343544960022
633,0.06529530137777328,583.334127,9.29379917738985e-11,583.334127,0.06529530137777328
634,0.0673118308186531,583.824444,3.996853769294947e-13,583.824444,0.0673118308186531
635,0.0649186447262764,584.314762,9.504276065654605e-16,584.314762,0.0649186447262764
636,0.06689616292715073,584.805079,1.2497016297782312e-18,584.805079,0.06689616292715073
637,0.06503979861736298,585.295397,9.085909112442364e-22,585.295397,0.06503979861736298
638,0.06581240147352219,585.785714,3.652733605252112e-25,585.785714,0.06581240147352219
639,0.06519194692373276,586.276032,8.119725002312066e-29,586.276032,0.06519194692373276
640,0.06680592894554138,586.766349,9.980521881656285e-33,586.766349,0.06680592894554138
641,0.06820710003376007,587.256667,6.783250266476332e-37,587.256667,0.06820710003376007
642,0.06562398374080658,587.746984,2.549248011127883e-41,587.746984,0.06562398374080658
643,0.06545809656381607,588.237302,5.297341208102405e-46,588.237302,0.06545809656381607
644,0.06411672383546829,588.727619,6.086876835865691e-51,588.727619,0.06411672383546829
645,0.06641227006912231,589.217937,3.867244593639308e-56,589.217937,0.06641227006912231
646,0.06551320105791092,589.708254,1.3586278919745735e-61,589.708254,0.06551320105791092
647,0.06659811735153198,590.198571,2.639251839787819e-67,590.198571,0.06659811735153198
648,0.06278452277183533,590.688889,2.834850268803186e-73,590.688889,0.06278452277183533
649,0.06576517969369888,591.179206,1.6837311642049945e-79,591.179206,0.06576517969369888
650,0.0654366984963417,591.669524,5.529467519544956e-86,591.669524,0.0654366984963417
651,0.06421937793493271,592.159841,1.0041260976504438e-92,592.159841,0.06421937793493271
652,0.06694380939006805,592.650159,1.0082310879768127e-99,592.650159,0.06694380939006805
653,0.06516780704259872,593.140476,5.597928487294031e-107,593.140476,0.06516780704259872
654,0.06501124799251556,593.630794,1.718543163647266e-114,593.630794,0.06501124799251556
655,0.06451612710952759,594.121111,2.917360003367375e-122,594.121111,0.06451612710952759
656,0.06544476747512817,594.611429,2.7383212185135404e-130,594.611429,0.06544476747512817
657,0.06576734781265259,595.101746,1.4212690210992768e-138,595.101746,0.06576734781265259
658,0.06563922762870789,595.592063,4.0789615345292384e-147,595.592063,0.06563922762870789
659,0.06528329104185104,596.082381,6.472709893990327e-156,596.082381,0.06528329104185104
660,0.06649240851402283,596.572698,5.679652704941063e-165,596.572698,0.06649240851402283
661,0.06483238935470581,597.063016,2.7556216100820015e-174,597.063016,0.06483238935470581
662,0.06427771598100662,597.553333,7.39294607475984e-184,597.553333,0.06427771598100662
663,0.06425387412309647,598.043651,1.096671629067645e-193,598.043651,0.06425387412309647
664,0.06643909960985184,598.533968,8.99573976149531e-204,598.533968,0.06643909960985184
665,0.06276256591081619,599.024286,4.079972369072684e-214,599.024286,0.06276256591081619
666,0.06437908113002777,599.514603,1.0232454331616306e-224,599.514603,0.06437908113002777
667,0.06541059166193008,600.004921,1.4189314750930086e-235,600.004921,0.06541059166193008
668,0.06626656651496887,600.495238,1.0880436880340221e-246,600.495238,0.06626656651496887
669,0.06570196151733398,600.985556,4.613061133070916e-258,600.985556,0.06570196151733398
670,0.06548291444778442,601.475873,1.0815246934291823e-269,601.475873,0.06548291444778442
671,0.06476873904466629,601.96619,1.4020551306965915e-281,601.96619,0.06476873904466629
672,0.06455773115158081,602.456508,1.0049631390445553e-293,602.456508,0.06455773115158081
673,0.06435846537351608,602.946825,3.983282444229509e-306,602.946825,0.06435846537351608
674,0.06333912163972855,603.437143,8.72945e-319,603.437143,0.06333912163972855
675,0.06288997828960419,603.92746,0.0,603.92746,0.06288997828960419
676,0.06513159722089767,604.417778,0.0,604.417778,0.06513159722089767
677,0.06563188135623932,604.908095,0.0,604.908095,0.06563188135623932
678,0.06729316711425781,605.398413,0.0,605.398413,0.06729316711425781
679,0.06702161580324173,605.88873,0.0,605.88873,0.06702161580324173
680,0.06649015098810196,606.379048,0.0,606.379048,0.06649015098810196
681,0.06723974645137787,606.869365,0.0,606.869365,0.06723974645137787
682,0.06697183847427368,607.359683,0.0,607.359683,0.06697183847427368
683,0.06611207872629166,607.85,0.0,607.85,0.06611207872629166
684,0.0647759735584259,608.340317,0.0,608.340317,0.0647759735584259
685,0.06391458213329315,608.830635,0.0,608.830635,0.06391458213329315
686,0.06518495082855225,609.320952,0.0,609.320952,0.06518495082855225
687,0.06329655647277832,609.81127,0.0,609.81127,0.06329655647277832
688,0.06540241092443466,610.301587,0.0,610.301587,0.06540241092443466
689,0.06525904685258865,610.791905,0.0,610.791905,0.06525904685258865
690,0.06522326916456223,611.282222,0.0,611.282222,0.06522326916456223
691,0.06457987427711487,611.77254,0.0,611.77254,0.06457987427711487
692,0.06455772370100021,612.262857,0.0,612.262857,0.06455772370100021
693,0.06454487890005112,612.753175,0.0,612.753175,0.06454487890005112
694,0.06648354232311249,613.243492,0.0,613.243492,0.06648354232311249
695,0.06532606482505798,613.73381,0.0,613.73381,0.06532606482505798
696,0.0637061819434166,614.224127,0.0,614.224127,0.0637061819434166
697,0.06350985914468765,614.714444,0.0,614.714444,0.06350985914468765
698,0.06411082297563553,615.204762,0.0,615.204762,0.06411082297563553
699,0.0655289739370346,615.695079,0.0,615.695079,0.0655289739370346
700,0.06724642962217331,616.185397,0.0,616.185397,0.06724642962217331
701,0.06548241525888443,616.675714,0.0,616.675714,0.06548241525888443
702,0.06527642160654068,617.166032,0.0,617.166032,0.06527642160654068
703,0.06606297194957733,617.656349,0.0,617.656349,0.06606297194957733
704,0.06451612710952759,618.146667,0.0,618.146667,0.06451612710952759
705,0.06463534384965897,618.636984,0.0,618.636984,0.06463534384965897
706,0.06525523215532303,619.127302,0.0,619.127302,0.06525523215532303
707,0.06381070613861084,619.617619,0.0,619.617619,0.06381070613861084
708,0.0650109127163887,620.107937,0.0,620.107937,0.0650109127163887
709,0.06516781449317932,620.598254,0.0,620.598254,0.06516781449317932
710,0.06490985304117203,621.088571,0.0,621.088571,0.06490985304117203
711,0.06546425074338913,621.578889,0.0,621.578889,0.06546425074338913
712,0.06566471606492996,622.069206,0.0,622.069206,0.06566471606492996
713,0.0668817088007927,622.559524,0.0,622.559524,0.0668817088007927
714,0.06694994121789932,623.049841,0.0,623.049841,0.06694994121789932
715,0.06585908681154251,623.540159,0.0,623.540159,0.06585908681154251
716,0.06763362139463425,624.030476,0.0,624.030476,0.06763362139463425
717,0.06451612710952759,624.520794,0.0,624.520794,0.06451612710952759
718,0.06483838707208633,625.011111,0.0,625.011111,0.06483838707208633
719,0.06491602957248688,625.501429,0.0,625.501429,0.06491602957248688
720,0.06838545948266983,625.991746,0.0,625.991746,0.06838545948266983
721,0.06636452674865723,626.482063,0.0,626.482063,0.06636452674865723
722,0.0664059966802597,626.972381,0.0,626.972381,0.0664059966802597
723,0.06664662063121796,627.462698,0.0,627.462698,0.06664662063121796
724,0.0652981549501419,627.953016,0.0,627.953016,0.0652981549501419
725,0.06542623788118362,628.443333,0.0,628.443333,0.06542623788118362
726,0.06364288181066513,628.933651,0.0,628.933651,0.06364288181066513
727,0.06483662128448486,629.423968,0.0,629.423968,0.06483662128448486
728,0.06488145887851715,629.914286,0.0,629.914286,0.06488145887851715
729,0.06509023159742355,630.404603,0.0,630.404603,0.06509023159742355
730,0.06546159833669662,630.894921,0.0,630.894921,0.06546159833669662
731,0.06563922762870789,631.385238,0.0,631.385238,0.06563922762870789
732,0.06547369807958603,631.875556,0.0,631.875556,0.06547369807958603
733,0.06544393301010132,632.365873,0.0,632.365873,0.06544393301010132
734,0.06607189774513245,632.85619,0.0,632.85619,0.06607189774513245
735,0.06400880962610245,633.346508,0.0,633.346508,0.06400880962610245
736,0.06391701102256775,633.836825,0.0,633.836825,0.06391701102256775
737,0.0642174482345581,634.327143,0.0,634.327143,0.0642174482345581
738,0.06382027268409729,634.81746,0.0,634.81746,0.06382027268409729
739,0.06534158438444138,635.307778,0.0,635.307778,0.06534158438444138
740,0.06618054211139679,635.798095,0.0,635.798095,0.06618054211139679
741,0.06654635071754456,636.288413,0.0,636.288413,0.06654635071754456
742,0.06651026010513306,636.77873,0.0,636.77873,0.06651026010513306
743,0.06540478020906448,637.269048,0.0,637.269048,0.06540478020906448
744,0.0640190839767456,637.759365,0.0,637.759365,0.0640190839767456
745,0.06540703028440475,638.249683,0.0,638.249683,0.06540703028440475
746,0.06397305428981781,638.74,0.0,638.74,0.06397305428981781
747,0.06328221410512924,639.230317,0.0,639.230317,0.06328221410512924
748,0.06414955854415894,639.720635,0.0,639.720635,0.06414955854415894
749,0.06873973459005356,640.210952,0.0,640.210952,0.06873973459005356
750,0.06795088946819305,640.70127,0.0,640.70127,0.06795088946819305
751,0.06540703028440475,641.191587,0.0,641.191587,0.06540703028440475
752,0.06321277469396591,641.681905,0.0,641.681905,0.06321277469396591
753,0.06280547380447388,642.172222,0.0,642.172222,0.06280547380447388
754,0.06330860406160355,642.66254,0.0,642.66254,0.06330860406160355
755,0.0634889155626297,643.152857,0.0,643.152857,0.0634889155626297
756,0.06353861093521118,643.643175,0.0,643.643175,0.06353861093521118
757,0.06169218569993973,644.133492,0.0,644.133492,0.06169218569993973
758,0.06388159841299057,644.62381,0.0,644.62381,0.06388159841299057
759,0.06407956033945084,645.114127,0.0,645.114127,0.06407956033945084
760,0.06247447431087494,645.604444,0.0,645.604444,0.06247447431087494
761,0.06502369046211243,646.094762,0.0,646.094762,0.06502369046211243
762,0.06522326916456223,646.585079,0.0,646.585079,0.06522326916456223
763,0.06940371543169022,647.075397,0.0,647.075397,0.06940371543169022
764,0.0652250200510025,647.565714,0.0,647.565714,0.0652250200510025
765,0.0641116350889206,648.056032,0.0,648.056032,0.0641116350889206
766,0.06554951518774033,648.546349,0.0,648.546349,0.06554951518774033
767,0.06635691225528717,649.036667,0.0,649.036667,0.06635691225528717
768,0.0652289092540741,649.526984,0.0,649.526984,0.0652289092540741
769,0.06594276428222656,650.017302,0.0,650.017302,0.06594276428222656
770,0.06547465920448303,650.507619,0.0,650.507619,0.06547465920448303
771,0.06485190987586975,650.997937,0.0,650.997937,0.06485190987586975
772,0.06490343809127808,651.488254,0.0,651.488254,0.06490343809127808
773,0.06426893919706345,651.978571,0.0,651.978571,0.06426893919706345
774,0.06487984955310822,652.468889,0.0,652.468889,0.06487984955310822
775,0.06452818959951401,652.959206,0.0,652.959206,0.06452818959951401
776,0.06566615402698517,653.449524,0.0,653.449524,0.06566615402698517
777,0.06614533066749573,653.939841,0.0,653.939841,0.06614533066749573
778,0.06619187444448471,654.430159,0.0,654.430159,0.06619187444448471
779,0.06591916084289551,654.920476,0.0,654.920476,0.06591916084289551
780,0.06339896470308304,655.410794,0.0,655.410794,0.06339896470308304
781,0.06454817205667496,655.901111,0.0,655.901111,0.06454817205667496
782,0.06432538479566574,656.391429,0.0,656.391429,0.06432538479566574
783,0.06467608362436295,656.881746,0.0,656.881746,0.06467608362436295
784,0.06552735716104507,657.372063,0.0,657.372063,0.06552735716104507
785,0.06460922956466675,657.862381,0.0,657.862381,0.06460922956466675
786,0.06785424798727036,658.352698,0.0,658.352698,0.06785424798727036
787,0.0676041916012764,658.843016,0.0,658.843016,0.0676041916012764
788,0.06633539497852325,659.333333,0.0,659.333333,0.06633539497852325
789,0.06695356965065002,659.823651,0.0,659.823651,0.06695356965065002
790,0.06307860463857651,660.313968,0.0,660.313968,0.06307860463857651
791,0.0638737678527832,660.804286,0.0,660.804286,0.0638737678527832
792,0.06264683604240417,661.294603,0.0,661.294603,0.06264683604240417
793,0.06519689410924911,661.784921,0.0,661.784921,0.06519689410924911
794,0.06507039070129395,662.275238,0.0,662.275238,0.06507039070129395
795,0.06371111422777176,662.765556,0.0,662.765556,0.06371111422777176
796,0.06418117880821228,663.255873,0.0,663.255873,0.06418117880821228
797,0.06451611965894699,663.74619,0.0,663.74619,0.06451611965894699
798,0.06566552072763443,664.236508,0.0,664.236508,0.06566552072763443
799,0.06464823335409164,664.726825,0.0,664.726825,0.06464823335409164
800,0.0643875002861023,665.217143,0.0,665.217143,0.0643875002861023
801,0.06389407068490982,665.70746,0.0,665.70746,0.06389407068490982
802,0.06318315863609314,666.197778,0.0,666.197778,0.06318315863609314
803,0.06436701118946075,666.688095,0.0,666.688095,0.06436701118946075
804,0.06615141779184341,667.178413,0.0,667.178413,0.06615141779184341
805,0.06694596260786057,667.66873,0.0,667.66873,0.06694596260786057
806,0.06501846015453339,668.159048,0.0,668.159048,0.06501846015453339
807,0.06800912320613861,668.649365,0.0,668.649365,0.06800912320613861
808,0.06566742807626724,669.139683,0.0,669.139683,0.06566742807626724
809,0.0648869201540947,669.63,0.0,669.63,0.0648869201540947
810,0.06515152007341385,670.120317,0.0,670.120317,0.06515152007341385
811,0.06428682804107666,670.610635,0.0,670.610635,0.06428682804107666
812,0.06322992593050003,671.100952,0.0,671.100952,0.06322992593050003
813,0.06450435519218445,671.59127,0.0,671.59127,0.06450435519218445
814,0.06709568947553635,672.081587,0.0,672.081587,0.06709568947553635
815,0.06466727703809738,672.571905,0.0,672.571905,0.06466727703809738
816,0.06705766916275024,673.062222,0.0,673.062222,0.06705766916275024
817,0.0664711743593216,673.55254,0.0,673.55254,0.0664711743593216
818,0.06474015861749649,674.042857,0.0,674.042857,0.06474015861749649
819,0.06367192417383194,674.533175,0.0,674.533175,0.06367192417383194
820,0.06520246714353561,675.023492,0.0,675.023492,0.06520246714353561
821,0.0655825138092041,675.51381,0.0,675.51381,0.0655825138092041
822,0.06604200601577759,676.004127,0.0,676.004127,0.06604200601577759
823,0.07008924335241318,676.494444,0.0,676.494444,0.07008924335241318
824,0.06964985281229019,676.984762,0.0,676.984762,0.06964985281229019
825,0.06669536232948303,677.475079,0.0,677.475079,0.06669536232948303
826,0.06586740911006927,677.965397,0.0,677.965397,0.06586740911006927
827,0.06510814279317856,678.455714,0.0,678.455714,0.06510814279317856
828,0.06516780704259872,678.946032,0.0,678.946032,0.06516780704259872
829,0.06812945753335953,679.436349,0.0,679.436349,0.06812945753335953
830,0.06301337480545044,679.926667,0.0,679.926667,0.06301337480545044
831,0.06638229638338089,680.416984,0.0,680.416984,0.06638229638338089
832,0.06687647849321365,680.907302,0.0,680.907302,0.06687647849321365
833,0.06436339020729065,681.397619,0.0,681.397619,0.06436339020729065
834,0.06664494425058365,681.887937,0.0,681.887937,0.06664494425058365
835,0.06551537662744522,682.378254,0.0,682.378254,0.06551537662744522
836,0.06378298997879028,682.868571,0.0,682.868571,0.06378298997879028
837,0.06301930546760559,683.358889,0.0,683.358889,0.06301930546760559
838,0.06436406821012497,683.849206,0.0,683.849206,0.06436406821012497
839,0.06518816947937012,684.339524,0.0,684.339524,0.06518816947937012
840,0.06421399116516113,684.829841,0.0,684.829841,0.06421399116516113
841,0.06532606482505798,685.320159,0.0,685.320159,0.06532606482505798
842,0.06654936820268631,685.810476,0.0,685.810476,0.06654936820268631
843,0.06565839797258377,686.300794,0.0,686.300794,0.06565839797258377
844,0.06353861093521118,686.791111,0.0,686.791111,0.06353861093521118
845,0.0648762583732605,687.281429,0.0,687.281429,0.0648762583732605
846,0.06565657258033752,687.771746,0.0,687.771746,0.06565657258033752
847,0.067795529961586,688.262063,0.0,688.262063,0.067795529961586
848,0.06560077518224716,688.752381,0.0,688.752381,0.06560077518224716
849,0.06489048898220062,689.242698,0.0,689.242698,0.06489048898220062
850,0.06439200043678284,689.733016,0.0,689.733016,0.06439200043678284
851,0.06545291841030121,690.223333,0.0,690.223333,0.06545291841030121
852,0.06758403033018112,690.713651,0.0,690.713651,0.06758403033018112
853,0.06764069199562073,691.203968,0.0,691.203968,0.06764069199562073
854,0.06615469604730606,691.694286,0.0,691.694286,0.06615469604730606
855,0.06722874194383621,692.184603,0.0,692.184603,0.06722874194383621
856,0.0640985518693924,692.674921,0.0,692.674921,0.0640985518693924
857,0.06543933600187302,693.165238,0.0,693.165238,0.06543933600187302
858,0.06759906560182571,693.655556,0.0,693.655556,0.06759906560182571
859,0.06889983266592026,694.145873,0.0,694.145873,0.06889983266592026
860,0.07069789618253708,694.63619,0.0,694.63619,0.07069789618253708
861,0.07092218846082687,695.126508,0.0,695.126508,0.07092218846082687
862,0.07303139567375183,695.616825,0.0,695.616825,0.07303139567375183
863,0.07086142152547836,696.107143,0.0,696.107143,0.07086142152547836
864,0.07153647392988205,696.59746,0.0,696.59746,0.07153647392988205
865,0.06977449357509613,697.087778,0.0,697.087778,0.06977449357509613
866,0.06704492121934891,697.578095,0.0,697.578095,0.06704492121934891
867,0.06518213450908661,698.068413,0.0,698.068413,0.06518213450908661
868,0.06575682759284973,698.55873,0.0,698.55873,0.06575682759284973
869,0.0655129998922348,699.049048,0.0,699.049048,0.0655129998922348
870,0.06574112176895142,699.539365,0.0,699.539365,0.06574112176895142
871,0.06714590638875961,700.029683,0.0,700.029683,0.06714590638875961
872,0.07011242210865021,700.52,0.0,700.52,0.07011242210865021
873,0.06589493900537491,701.010317,0.0,701.010317,0.06589493900537491
874,0.06707412004470825,701.500635,0.0,701.500635,0.06707412004470825
875,0.06699593365192413,701.990952,0.0,701.990952,0.06699593365192413
876,0.06566990911960602,702.48127,0.0,702.48127,0.06566990911960602
877,0.06412512809038162,702.971587,0.0,702.971587,0.06412512809038162
878,0.06370618939399719,703.461905,0.0,703.461905,0.06370618939399719
879,0.06451612710952759,703.952222,0.0,703.952222,0.06451612710952759
880,0.06416992843151093,704.44254,0.0,704.44254,0.06416992843151093
881,0.06405681371688843,704.932857,0.0,704.932857,0.06405681371688843
882,0.06940371543169022,705.423175,0.0,705.423175,0.06940371543169022
883,0.07277072221040726,705.913492,0.0,705.913492,0.07277072221040726
884,0.07221266627311707,706.40381,0.0,706.40381,0.07221266627311707
885,0.06963881850242615,706.894127,0.0,706.894127,0.06963881850242615
886,0.0704883560538292,707.384444,0.0,707.384444,0.0704883560538292
887,0.07054586708545685,707.874762,0.0,707.874762,0.07054586708545685
888,0.0666215568780899,708.365079,0.0,708.365079,0.0666215568780899
889,0.06755729019641876,708.855397,0.0,708.855397,0.06755729019641876
890,0.06573516130447388,709.345714,0.0,709.345714,0.06573516130447388
891,0.06685131043195724,709.836032,0.0,709.836032,0.06685131043195724
892,0.06456691771745682,710.326349,0.0,710.326349,0.06456691771745682
893,0.06398293375968933,710.816667,0.0,710.816667,0.06398293375968933
894,0.06375584006309509,711.306984,0.0,711.306984,0.06375584006309509
895,0.06344085186719894,711.797302,0.0,711.797302,0.06344085186719894
896,0.06425442546606064,712.287619,0.0,712.287619,0.06425442546606064
897,0.0644897073507309,712.777937,0.0,712.777937,0.0644897073507309
898,0.06482024490833282,713.268254,0.0,713.268254,0.06482024490833282
899,0.06498721987009048,713.758571,0.0,713.758571,0.06498721987009048
900,0.06557990610599518,714.248889,0.0,714.248889,0.06557990610599518
901,0.06551281362771988,714.739206,0.0,714.739206,0.06551281362771988
902,0.06597606092691422,715.229524,0.0,715.229524,0.06597606092691422
903,0.06475716084241867,715.719841,0.0,715.719841,0.06475716084241867
904,0.06480223685503006,716.210159,0.0,716.210159,0.06480223685503006
905,0.06355705857276917,716.700476,0.0,716.700476,0.06355705857276917
906,0.062269553542137146,717.190794,0.0,717.190794,0.062269553542137146
907,0.06425889581441879,717.681111,0.0,717.681111,0.06425889581441879
908,0.06620456278324127,718.171429,0.0,718.171429,0.06620456278324127
909,0.06459132581949234,718.661746,0.0,718.661746,0.06459132581949234
910,0.06456625461578369,719.152063,0.0,719.152063,0.06456625461578369
911,0.06450605392456055,719.642381,0.0,719.642381,0.06450605392456055
912,0.066471166908741,720.132698,0.0,720.132698,0.066471166908741
913,0.06690126657485962,720.623016,0.0,720.623016,0.06690126657485962
914,0.06562574207782745,721.113333,0.0,721.113333,0.06562574207782745
915,0.06474171578884125,721.603651,0.0,721.603651,0.06474171578884125
916,0.06605812907218933,722.093968,0.0,722.093968,0.06605812907218933
917,0.06641366332769394,722.584286,0.0,722.584286,0.06641366332769394
918,0.06780993193387985,723.074603,0.0,723.074603,0.06780993193387985
919,0.06665609031915665,723.564921,0.0,723.564921,0.06665609031915665
920,0.06475207954645157,724.055238,0.0,724.055238,0.06475207954645157
921,0.06526698172092438,724.545556,0.0,724.545556,0.06526698172092438
922,0.06555115431547165,725.035873,0.0,725.035873,0.06555115431547165
923,0.0643976554274559,725.52619,0.0,725.52619,0.0643976554274559
924,0.06419029831886292,726.016508,0.0,726.016508,0.06419029831886292
925,0.063968725502491,726.506825,0.0,726.506825,0.063968725502491
926,0.06524631381034851,726.997143,0.0,726.997143,0.06524631381034851
927,0.06574014574289322,727.48746,0.0,727.48746,0.06574014574289322
928,0.06693549454212189,727.977778,0.0,727.977778,0.06693549454212189
929,0.06648609042167664,728.468095,0.0,728.468095,0.06648609042167664
930,0.06415686756372452,728.958413,0.0,728.958413,0.06415686756372452
931,0.06295210123062134,729.44873,0.0,729.44873,0.06295210123062134
932,0.06284039467573166,729.939048,0.0,729.939048,0.06284039467573166
933,0.06400700658559799,730.429365,0.0,730.429365,0.06400700658559799
934,0.06417960673570633,730.919683,0.0,730.919683,0.06417960673570633
935,0.06377997994422913,731.41,0.0,731.41,0.06377997994422913
936,0.06643582135438919,731.900317,0.0,731.900317,0.06643582135438919
937,0.06613766402006149,732.390635,0.0,732.390635,0.06613766402006149
938,0.06479184329509735,732.880952,0.0,732.880952,0.06479184329509735
939,0.0669703260064125,733.37127,0.0,733.37127,0.0669703260064125
940,0.06707432121038437,733.861587,0.0,733.861587,0.06707432121038437
941,0.06561334431171417,734.351905,0.0,734.351905,0.06561334431171417
942,0.06395525485277176,734.842222,0.0,734.842222,0.06395525485277176
943,0.06417843699455261,735.33254,0.0,735.33254,0.06417843699455261
944,0.06457042694091797,735.822857,0.0,735.822857,0.06457042694091797
945,0.06370289623737335,736.313175,0.0,736.313175,0.06370289623737335
946,0.06516781449317932,736.803492,0.0,736.803492,0.06516781449317932
947,0.06608608365058899,737.29381,0.0,737.29381,0.06608608365058899
948,0.06611570715904236,737.784127,0.0,737.784127,0.06611570715904236
949,0.06732765585184097,738.274444,0.0,738.274444,0.06732765585184097
950,0.06880634278059006,738.764762,0.0,738.764762,0.06880634278059006
951,0.06930788606405258,739.255079,0.0,739.255079,0.06930788606405258
952,0.06918486952781677,739.745397,0.0,739.745397,0.06918486952781677
953,0.06778218597173691,740.235714,0.0,740.235714,0.06778218597173691
954,0.06663407385349274,740.726032,0.0,740.726032,0.06663407385349274
955,0.06804057210683823,741.216349,0.0,741.216349,0.06804057210683823
956,0.06694800406694412,741.706667,0.0,741.706667,0.06694800406694412
957,0.06638230383396149,742.196984,0.0,742.196984,0.06638230383396149
958,0.06642179191112518,742.687302,0.0,742.687302,0.06642179191112518
959,0.06480223685503006,743.177619,0.0,743.177619,0.06480223685503006
960,0.06451611965894699,743.667937,0.0,743.667937,0.06451611965894699
961,0.06549365818500519,744.158254,0.0,744.158254,0.06549365818500519
962,0.06628043204545975,744.648571,0.0,744.648571,0.06628043204545975
963,0.06578824669122696,745.138889,0.0,745.138889,0.06578824669122696
964,0.0648057609796524,745.629206,0.0,745.629206,0.0648057609796524
965,0.06419029086828232,746.119524,0.0,746.119524,0.06419029086828232
966,0.06472095102071762,746.609841,0.0,746.609841,0.06472095102071762
967,0.06556956470012665,747.100159,0.0,747.100159,0.06556956470012665
968,0.06675449758768082,747.590476,0.0,747.590476,0.06675449758768082
969,0.06691260635852814,748.080794,0.0,748.080794,0.06691260635852814
970,0.0649634599685669,748.571111,0.0,748.571111,0.0649634599685669
971,0.06418203562498093,749.061429,0.0,749.061429,0.06418203562498093
972,0.06557344645261765,749.551746,0.0,749.551746,0.06557344645261765
973,0.06599637120962143,750.042063,0.0,750.042063,0.06599637120962143
974,0.0676143541932106,750.532381,0.0,750.532381,0.0676143541932106
975,0.06898774951696396,751.022698,0.0,751.022698,0.06898774951696396
976,0.07136806100606918,751.513016,0.0,751.513016,0.07136806100606918
977,0.0720798596739769,752.003333,0.0,752.003333,0.0720798596739769
978,0.07330674678087234,752.493651,0.0,752.493651,0.07330674678087234
979,0.07243739813566208,752.983968,0.0,752.983968,0.07243739813566208
980,0.07150629907846451,753.474286,0.0,753.474286,0.07150629907846451
981,0.07184130698442459,753.964603,0.0,753.964603,0.07184130698442459
982,0.07209590077400208,754.454921,0.0,754.454921,0.07209590077400208
983,0.06712283939123154,754.945238,0.0,754.945238,0.06712283939123154
984,0.0666586384177208,755.435556,0.0,755.435556,0.0666586384177208
985,0.0667346641421318,755.925873,0.0,755.925873,0.0667346641421318
986,0.06752585619688034,756.41619,0.0,756.41619,0.06752585619688034
987,0.06566958874464035,756.906508,0.0,756.906508,0.06566958874464035
988,0.067066989839077,757.396825,0.0,757.396825,0.067066989839077
989,0.06430362164974213,757.887143,0.0,757.887143,0.06430362164974213
990,0.06270276755094528,758.37746,0.0,758.37746,0.06270276755094528
991,0.06641191989183426,758.867778,0.0,758.867778,0.06641191989183426
992,0.06628787517547607,759.358095,0.0,759.358095,0.06628787517547607
993,0.0652492567896843,759.848413,0.0,759.848413,0.0652492567896843
994,0.06511350721120834,760.33873,0.0,760.33873,0.06511350721120834
995,0.06443894654512405,760.829048,0.0,760.829048,0.06443894654512405
996,0.06390169262886047,761.319365,0.0,761.319365,0.06390169262886047
997,0.06418097764253616,761.809683,0.0,761.809683,0.06418097764253616
998,0.06470619887113571,762.3,0.0,762.3,0.06470619887113571
999,0.06546260416507721,762.790317,0.0,762.790317,0.06546260416507721
1000,0.06555774807929993,763.280635,0.0,763.280635,0.06555774807929993
1001,0.06517314910888672,763.770952,0.0,763.770952,0.06517314910888672
1002,0.06698027998209,764.26127,0.0,764.26127,0.06698027998209
1003,0.0696767121553421,764.751587,0.0,764.751587,0.0696767121553421
1004,0.07552645355463028,765.241905,0.0,765.241905,0.07552645355463028
1005,0.07823757827281952,765.732222,0.0,765.732222,0.07823757827281952
1006,0.08136697113513947,766.22254,0.0,766.22254,0.08136697113513947
1007,0.07859469205141068,766.712857,0.0,766.712857,0.07859469205141068
1008,0.07750049978494644,767.203175,0.0,767.203175,0.07750049978494644
1009,0.07456588000059128,767.693492,0.0,767.693492,0.07456588000059128
1010,0.07170087844133377,768.18381,0.0,768.18381,0.07170087844133377
1011,0.06630824506282806,768.674127,0.0,768.674127,0.06630824506282806
1012,0.06671791523694992,769.164444,0.0,769.164444,0.06671791523694992
1013,0.0662553459405899,769.654762,0.0,769.654762,0.0662553459405899
1014,0.06603439897298813,770.145079,0.0,770.145079,0.06603439897298813
1015,0.06538128852844238,770.635397,0.0,770.635397,0.06538128852844238
1016,0.06562847644090652,771.125714,0.0,771.125714,0.06562847644090652
1017,0.06640876829624176,771.616032,0.0,771.616032,0.06640876829624176
1018,0.06586603075265884,772.106349,0.0,772.106349,0.06586603075265884
1019,0.06608781218528748,772.596667,0.0,772.596667,0.06608781218528748
1020,0.06609348207712173,773.086984,0.0,773.086984,0.06609348207712173
1021,0.06719732284545898,773.577302,0.0,773.577302,0.06719732284545898
1022,0.06505376100540161,774.067619,0.0,774.067619,0.06505376100540161
1023,0.06898827105760574,774.557937,0.0,774.557937,0.06898827105760574
1024,0.07029744982719421,775.048254,0.0,775.048254,0.07029744982719421
1025,0.06935456395149231,775.538571,0.0,775.538571,0.06935456395149231
1026,0.07001706957817078,776.028889,0.0,776.028889,0.07001706957817078
1027,0.06856584548950195,776.519206,0.0,776.519206,0.06856584548950195
1028,0.06830983608961105,777.009524,0.0,777.009524,0.06830983608961105
1029,0.06876833736896515,777.499841,0.0,777.499841,0.06876833736896515
1030,0.06506814062595367,777.990159,0.0,777.990159,0.06506814062595367
1031,0.06478700041770935,778.480476,0.0,778.480476,0.06478700041770935
1032,0.06595912575721741,778.970794,0.0,778.970794,0.06595912575721741
1033,0.0650547668337822,779.461111,0.0,779.461111,0.0650547668337822
1034,0.06563713401556015,779.951429,0.0,779.951429,0.06563713401556015
1035,0.0663343071937561,780.441746,0.0,780.441746,0.0663343071937561
1036,0.06434362381696701,780.932063,0.0,780.932063,0.06434362381696701
1037,0.06493157893419266,781.422381,0.0,781.422381,0.06493157893419266
1038,0.06459132581949234,781.912698,0.0,781.912698,0.06459132581949234
1039,0.0638786256313324,782.403016,0.0,782.403016,0.0638786256313324
1040,0.06486702710390091,782.893333,0.0,782.893333,0.06486702710390091
1041,0.064112089574337,783.383651,0.0,783.383651,0.064112089574337
1042,0.06260360032320023,783.873968,0.0,783.873968,0.06260360032320023
1043,0.06501106917858124,784.364286,0.0,784.364286,0.06501106917858124
1044,0.06622234731912613,784.854603,0.0,784.854603,0.06622234731912613
1045,0.06663408875465393,785.344921,0.0,785.344921,0.06663408875465393
1046,0.06794784218072891,785.835238,0.0,785.835238,0.06794784218072891
1047,0.06372047960758209,786.325556,0.0,786.325556,0.06372047960758209
1048,0.0653405413031578,786.815873,0.0,786.815873,0.0653405413031578
1049,0.06649363040924072,787.30619,0.0,787.30619,0.06649363040924072
1050,0.06490402668714523,787.796508,0.0,787.796508,0.06490402668714523
1051,0.06566054373979568,788.286825,0.0,788.286825,0.06566054373979568
1052,0.06509437412023544,788.777143,0.0,788.777143,0.06509437412023544
1053,0.06493230164051056,789.26746,0.0,789.26746,0.06493230164051056
1054,0.0664052665233612,789.757778,0.0,789.757778,0.0664052665233612
1055,0.06565514951944351,790.248095,0.0,790.248095,0.06565514951944351
1056,0.06522425264120102,790.738413,0.0,790.738413,0.06522425264120102
1057,0.06524200737476349,791.22873,0.0,791.22873,0.06524200737476349
1058,0.06594664603471756,791.719048,0.0,791.719048,0.06594664603471756
1059,0.06747040152549744,792.209365,0.0,792.209365,0.06747040152549744
1060,0.06538965553045273,792.699683,0.0,792.699683,0.06538965553045273
1061,0.0645999163389206,793.19,0.0,793.19,0.0645999163389206
1062,0.0654744803905487,793.680317,0.0,793.680317,0.0654744803905487
1063,0.06675690412521362,794.170635,0.0,794.170635,0.06675690412521362
1064,0.06999535858631134,794.660952,0.0,794.660952,0.06999535858631134
1065,0.06867057830095291,795.15127,0.0,795.15127,0.06867057830095291
1066,0.06539074331521988,795.641587,0.0,795.641587,0.06539074331521988
1067,0.06370153278112411,796.131905,0.0,796.131905,0.06370153278112411
1068,0.06556247919797897,796.622222,0.0,796.622222,0.06556247919797897
1069,0.06532115489244461,797.11254,0.0,797.11254,0.06532115489244461
1070,0.06484588235616684,797.602857,0.0,797.602857,0.06484588235616684
1071,0.06664116680622101,798.093175,0.0,798.093175,0.06664116680622101
1072,0.0677202045917511,798.583492,0.0,798.583492,0.0677202045917511
1073,0.06609772890806198,799.07381,0.0,799.07381,0.06609772890806198
1074,0.06701704859733582,799.564127,0.0,799.564127,0.06701704859733582
1075,0.06773189455270767,800.054444,0.0,800.054444,0.06773189455270767
1076,0.0659824013710022,800.544762,0.0,800.544762,0.0659824013710022
1077,0.06504420936107635,801.035079,0.0,801.035079,0.06504420936107635
1078,0.06557608395814896,801.525397,0.0,801.525397,0.06557608395814896
1079,0.06540703028440475,802.015714,0.0,802.015714,0.06540703028440475
1080,0.06714612245559692,802.506032,0.0,802.506032,0.06714612245559692
1081,0.06642461568117142,802.996349,0.0,802.996349,0.06642461568117142
1082,0.06568112224340439,803.486667,0.0,803.486667,0.06568112224340439
1083,0.06408167630434036,803.976984,0.0,803.976984,0.06408167630434036
1084,0.06351588666439056,804.467302,0.0,804.467302,0.06351588666439056
1085,0.06585858762264252,804.957619,0.0,804.957619,0.06585858762264252
1086,0.06620457023382187,805.447937,0.0,805.447937,0.06620457023382187
1087,0.06359192728996277,805.938254,0.0,805.938254,0.06359192728996277
1088,0.06427174806594849,806.428571,0.0,806.428571,0.06427174806594849
1089,0.0654936358332634,806.918889,0.0,806.918889,0.0654936358332634
1090,0.06525522470474243,807.409206,0.0,807.409206,0.06525522470474243
1091,0.06643562018871307,807.899524,0.0,807.899524,0.06643562018871307
1092,0.06559931486845016,808.389841,0.0,808.389841,0.06559931486845016
1093,0.06609877943992615,808.880159,0.0,808.880159,0.06609877943992615
1094,0.06697569042444229,809.370476,0.0,809.370476,0.06697569042444229
1095,0.06234652176499367,809.860794,0.0,809.860794,0.06234652176499367
1096,0.06349150091409683,810.351111,0.0,810.351111,0.06349150091409683
1097,0.06427576392889023,810.841429,0.0,810.841429,0.06427576392889023
1098,0.06311441212892532,811.331746,0.0,811.331746,0.06311441212892532
1099,0.06339485943317413,811.822063,0.0,811.822063,0.06339485943317413
1100,0.06410883367061615,812.312381,0.0,812.312381,0.06410883367061615
1101,0.06474677473306656,812.802698,0.0,812.802698,0.06474677473306656
1102,0.06451613456010818,813.293016,0.0,813.293016,0.06451613456010818
1103,0.06387060135602951,813.783333,0.0,813.783333,0.06387060135602951
1104,0.06497544050216675,814.273651,0.0,814.273651,0.06497544050216675
1105,0.06586775928735733,814.763968,0.0,814.763968,0.06586775928735733
1106,0.06361895799636841,815.254286,0.0,815.254286,0.06361895799636841
1107,0.06297652423381805,815.744603,0.0,815.744603,0.06297652423381805
1108,0.06524669378995895,816.234921,0.0,816.234921,0.06524669378995895
1109,0.06570015102624893,816.725238,0.0,816.725238,0.06570015102624893
1110,0.0649971216917038,817.215556,0.0,817.215556,0.0649971216917038
1111,0.06603074818849564,817.705873,0.0,817.705873,0.06603074818849564
1112,0.06582828611135483,818.19619,0.0,818.19619,0.06582828611135483
1113,0.06692080944776535,818.686508,0.0,818.686508,0.06692080944776535
1114,0.06711702048778534,819.176825,0.0,819.176825,0.06711702048778534
1115,0.06353861093521118,819.667143,0.0,819.667143,0.06353861093521118
1116,0.06367824971675873,820.15746,0.0,820.15746,0.06367824971675873
1117,0.06528417766094208,820.647778,0.0,820.647778,0.06528417766094208
1118,0.06267281621694565,821.138095,0.0,821.138095,0.06267281621694565
1119,0.0674009919166565,821.628413,0.0,821.628413,0.0674009919166565
1120,0.06741407513618469,822.11873,0.0,822.11873,0.06741407513618469
1121,0.06496045738458633,822.609048,0.0,822.609048,0.06496045738458633
1122,0.0652143582701683,823.099365,0.0,823.099365,0.0652143582701683
1123,0.06533072888851166,823.589683,0.0,823.589683,0.06533072888851166
1124,0.0653650313615799,824.08,0.0,824.08,0.0653650313615799
1125,0.06470531970262527,824.570317,0.0,824.570317,0.06470531970262527
1126,0.06680159270763397,825.060635,0.0,825.060635,0.06680159270763397
1127,0.06629609316587448,825.550952,0.0,825.550952,0.06629609316587448
1128,0.06484197825193405,826.04127,0.0,826.04127,0.06484197825193405
1129,0.06753821671009064,826.531587,0.0,826.531587,0.06753821671009064
1130,0.06575348973274231,827.021905,0.0,827.021905,0.06575348973274231
1131,0.06666666269302368,827.512222,0.0,827.512222,0.06666666269302368
1132,0.06552158296108246,828.00254,0.0,828.00254,0.06552158296108246
1133,0.06356779485940933,828.492857,0.0,828.492857,0.06356779485940933
1134,0.06404313445091248,828.983175,0.0,828.983175,0.06404313445091248
1135,0.0641551986336708,829.473492,0.0,829.473492,0.0641551986336708
1136,0.06471561640501022,829.96381,0.0,829.96381,0.06471561640501022
1137,0.06492464989423752,830.454127,0.0,830.454127,0.06492464989423752
1138,0.06448326259851456,830.944444,0.0,830.944444,0.06448326259851456
1139,0.0643685832619667,831.434762,0.0,831.434762,0.0643685832619667
1140,0.06608015298843384,831.925079,0.0,831.925079,0.06608015298843384
1141,0.06437648832798004,832.415397,0.0,832.415397,0.06437648832798004
1142,0.06584664434194565,832.905714,0.0,832.905714,0.06584664434194565
1143,0.0643436387181282,833.396032,0.0,833.396032,0.0643436387181282
1144,0.0652143582701683,833.886349,0.0,833.886349,0.0652143582701683
1145,0.0666215568780899,834.376667,0.0,834.376667,0.0666215568780899
1146,0.06336404383182526,834.866984,0.0,834.866984,0.06336404383182526
1147,0.06278325617313385,835.357302,0.0,835.357302,0.06278325617313385
1148,0.06256109476089478,835.847619,0.0,835.847619,0.06256109476089478
1149,0.06435699760913849,836.337937,0.0,836.337937,0.06435699760913849
1150,0.06519287824630737,836.828254,0.0,836.828254,0.06519287824630737
1151,0.06477178633213043,837.318571,0.0,837.318571,0.06477178633213043
1152,0.06498085707426071,837.808889,0.0,837.808889,0.06498085707426071
1153,0.06707694381475449,838.299206,0.0,838.299206,0.06707694381475449
1154,0.066471166908741,838.789524,0.0,838.789524,0.066471166908741
1155,0.06385758519172668,839.279841,0.0,839.279841,0.06385758519172668
1156,0.06525854766368866,839.770159,0.0,839.770159,0.06525854766368866
1157,0.06652866303920746,840.260476,0.0,840.260476,0.06652866303920746
1158,0.06690194457769394,840.750794,0.0,840.750794,0.06690194457769394
1159,0.06791006773710251,841.241111,0.0,841.241111,0.06791006773710251
1160,0.06613201647996902,841.731429,0.0,841.731429,0.06613201647996902
1161,0.06455862522125244,842.221746,0.0,842.221746,0.06455862522125244
1162,0.06464146077632904,842.712063,0.0,842.712063,0.06464146077632904
1163,0.0657082200050354,843.202381,0.0,843.202381,0.0657082200050354
1164,0.06424646824598312,843.692698,0.0,843.692698,0.06424646824598312
1165,0.06618481874465942,844.183016,0.0,844.183016,0.06618481874465942
1166,0.06339694559574127,844.673333,0.0,844.673333,0.06339694559574127
1167,0.06545347720384598,845.163651,0.0,845.163651,0.06545347720384598
1168,0.06598665565252304,845.653968,0.0,845.653968,0.06598665565252304
1169,0.06876494735479355,846.144286,0.0,846.144286,0.06876494735479355
1170,0.07280495017766953,846.634603,0.0,846.634603,0.07280495017766953
1171,0.06598706543445587,847.124921,0.0,847.124921,0.06598706543445587
1172,0.06413774192333221,847.615238,0.0,847.615238,0.06413774192333221
1173,0.0636536106467247,848.105556,0.0,848.105556,0.0636536106467247
1174,0.06680494546890259,848.595873,0.0,848.595873,0.06680494546890259
1175,0.06370928883552551,849.08619,0.0,849.08619,0.06370928883552551
1176,0.06324037909507751,849.576508,0.0,849.576508,0.06324037909507751
1177,0.06627319008111954,850.066825,0.0,850.066825,0.06627319008111954
1178,0.06508715450763702,850.557143,0.0,850.557143,0.06508715450763702
1179,0.06493321061134338,851.04746,0.0,851.04746,0.06493321061134338
1180,0.06594893336296082,851.537778,0.0,851.537778,0.06594893336296082
1181,0.06388206779956818,852.028095,0.0,852.028095,0.06388206779956818
1182,0.06392962485551834,852.518413,0.0,852.518413,0.06392962485551834
1183,0.06787139177322388,853.00873,0.0,853.00873,0.06787139177322388
1184,0.06636101752519608,853.499048,0.0,853.499048,0.06636101752519608
1185,0.0651552826166153,853.989365,0.0,853.989365,0.0651552826166153
1186,0.06314097344875336,854.479683,0.0,854.479683,0.06314097344875336
1187,0.06383611261844635,854.97,0.0,854.97,0.06383611261844635
1188,0.06304985284805298,855.460317,0.0,855.460317,0.06304985284805298
1189,0.06454220414161682,855.950635,0.0,855.950635,0.06454220414161682
1190,0.06701423227787018,856.440952,0.0,856.440952,0.06701423227787018
1191,0.06527021527290344,856.93127,0.0,856.93127,0.06527021527290344
1192,0.06365194171667099,857.421587,0.0,857.421587,0.06365194171667099
1193,0.06552623957395554,857.911905,0.0,857.911905,0.06552623957395554
1194,0.06393428146839142,858.402222,0.0,858.402222,0.06393428146839142
1195,0.0651974231004715,858.89254,0.0,858.89254,0.0651974231004715
1196,0.06582438200712204,859.382857,0.0,859.382857,0.06582438200712204
1197,0.06497544050216675,859.873175,0.0,859.873175,0.06497544050216675
1198,0.0645638257265091,860.363492,0.0,860.363492,0.0645638257265091
1199,0.06560077518224716,860.85381,0.0,860.85381,0.06560077518224716
1200,0.06420332193374634,861.344127,0.0,861.344127,0.06420332193374634
1201,0.06479991227388382,861.834444,0.0,861.834444,0.06479991227388382
1202,0.06460113078355789,862.324762,0.0,862.324762,0.06460113078355789
1203,0.06339896470308304,862.815079,0.0,862.815079,0.06339896470308304
1204,0.06336861103773117,863.305397,0.0,863.305397,0.06336861103773117
1205,0.063022181391716,863.795714,0.0,863.795714,0.063022181391716
1206,0.06318099051713943,864.286032,0.0,864.286032,0.06318099051713943
1207,0.06468737870454788,864.776349,0.0,864.776349,0.06468737870454788
1208,0.06557030975818634,865.266667,0.0,865.266667,0.06557030975818634
1209,0.06276398152112961,865.756984,0.0,865.756984,0.06276398152112961
1210,0.06412512809038162,866.247302,0.0,866.247302,0.06412512809038162
1211,0.06533723324537277,866.737619,0.0,866.737619,0.06533723324537277
1212,0.06491675227880478,867.227937,0.0,867.227937,0.06491675227880478
1213,0.06399718672037125,867.718254,0.0,867.718254,0.06399718672037125
1214,0.06382536143064499,868.208571,0.0,868.208571,0.06382536143064499
1215,0.06440334767103195,868.698889,0.0,868.698889,0.06440334767103195
1216,0.06518642604351044,869.189206,0.0,869.189206,0.06518642604351044
1217,0.06351147592067719,869.679524,0.0,869.679524,0.06351147592067719
1218,0.06622351706027985,870.169841,0.0,870.169841,0.06622351706027985
1219,0.06704337149858475,870.660159,0.0,870.660159,0.06704337149858475
1220,0.06341829895973206,871.150476,0.0,871.150476,0.06341829895973206
1221,0.06690692156553268,871.640794,0.0,871.640794,0.06690692156553268
1222,0.06505218893289566,872.131111,0.0,872.131111,0.06505218893289566
1223,0.0640895739197731,872.621429,0.0,872.621429,0.0640895739197731
1224,0.06593041867017746,873.111746,0.0,873.111746,0.06593041867017746
1225,0.0656532347202301,873.602063,0.0,873.602063,0.0656532347202301
1226,0.06803160905838013,874.092381,0.0,874.092381,0.06803160905838013
1227,0.06617695093154907,874.582698,0.0,874.582698,0.06617695093154907
1228,0.06472792476415634,875.073016,0.0,875.073016,0.06472792476415634
1229,0.06534220278263092,875.563333,0.0,875.563333,0.06534220278263092
1230,0.0635037049651146,876.053651,0.0,876.053651,0.0635037049651146
1231,0.06271148473024368,876.543968,0.0,876.543968,0.06271148473024368
1232,0.06400410085916519,877.034286,0.0,877.034286,0.06400410085916519
1233,0.06875944137573242,877.524603,0.0,877.524603,0.06875944137573242
1234,0.06923069804906845,878.014921,0.0,878.014921,0.06923069804906845
1235,0.0682561844587326,878.505238,0.0,878.505238,0.0682561844587326
1236,0.06597103923559189,878.995556,0.0,878.995556,0.06597103923559189
1237,0.06531333178281784,879.485873,0.0,879.485873,0.06531333178281784
1238,0.06501064449548721,879.97619,0.0,879.97619,0.06501064449548721
1239,0.06543440371751785,880.466508,0.0,880.466508,0.06543440371751785
1240,0.06338655203580856,880.956825,0.0,880.956825,0.06338655203580856
1241,0.06455862522125244,881.447143,0.0,881.447143,0.06455862522125244
1242,0.06560643762350082,881.93746,0.0,881.93746,0.06560643762350082
1243,0.06381432712078094,882.427778,0.0,882.427778,0.06381432712078094
1244,0.06509320437908173,882.918095,0.0,882.918095,0.06509320437908173
1245,0.0674690380692482,883.408413,0.0,883.408413,0.0674690380692482
1246,0.0672314465045929,883.89873,0.0,883.89873,0.0672314465045929
1247,0.06410735845565796,884.389048,0.0,884.389048,0.06410735845565796
1248,0.0640784278512001,884.879365,0.0,884.879365,0.0640784278512001
1249,0.06270967423915863,885.369683,0.0,885.369683,0.06270967423915863
1250,0.06439530104398727,885.86,0.0,885.86,0.06439530104398727
1251,0.06515450030565262,886.350317,0.0,886.350317,0.06515450030565262
1252,0.06653706729412079,886.840635,0.0,886.840635,0.06653706729412079
1253,0.0672890841960907,887.330952,0.0,887.330952,0.0672890841960907
1254,0.0654936358332634,887.82127,0.0,887.82127,0.0654936358332634
1255,0.06398613750934601,888.311587,0.0,888.311587,0.06398613750934601
1256,0.06568531692028046,888.801905,0.0,888.801905,0.06568531692028046
1257,0.06754482537508011,889.292222,0.0,889.292222,0.06754482537508011
1258,0.06593910604715347,889.78254,0.0,889.78254,0.06593910604715347
1259,0.06458766758441925,890.272857,0.0,890.272857,0.06458766758441925
1260,0.06718730181455612,890.763175,0.0,890.763175,0.06718730181455612
1261,0.0647783949971199,891.253492,0.0,891.253492,0.0647783949971199
1262,0.06609519571065903,891.74381,0.0,891.74381,0.06609519571065903
1263,0.06538853794336319,892.234127,0.0,892.234127,0.06538853794336319
1264,0.06420581042766571,892.724444,0.0,892.724444,0.06420581042766571
1265,0.06634636968374252,893.214762,0.0,893.214762,0.06634636968374252
1266,0.0664106160402298,893.705079,0.0,893.705079,0.0664106160402298
1267,0.06688660383224487,894.195397,0.0,894.195397,0.06688660383224487
1268,0.06404862552881241,894.685714,0.0,894.685714,0.06404862552881241
1269,0.06440505385398865,895.176032,0.0,895.176032,0.06440505385398865
1270,0.06300541013479233,895.666349,0.0,895.666349,0.06300541013479233
1271,0.06388654559850693,896.156667,0.0,896.156667,0.06388654559850693
1272,0.06465224921703339,896.646984,0.0,896.646984,0.06465224921703339
1273,0.06484964489936829,897.137302,0.0,897.137302,0.06484964489936829
1274,0.0650942325592041,897.627619,0.0,897.627619,0.0650942325592041
1275,0.06471561640501022,898.117937,0.0,898.117937,0.06471561640501022
1276,0.06516782194375992,898.608254,0.0,898.608254,0.06516782194375992
1277,0.06606584787368774,899.098571,0.0,899.098571,0.06606584787368774
1278,0.06505919247865677,899.588889,0.0,899.588889,0.06505919247865677
1279,0.06594982743263245,900.079206,0.0,900.079206,0.06594982743263245
